Date,yr,dir,entry_px,net,prior_hvl_es,above
2021-07-13,2021,S,5168.0,357.5,5063.009765625,True
2021-07-14,2021,S,5170.0,95.0,5076.97021484375,True
2021-08-02,2021,S,5206.0,1132.5,5080.97021484375,True
2021-08-02,2021,S,5194.25,545.0,5080.97021484375,True
2021-08-17,2021,S,5222.5,-530.0,5169.93994140625,True
2021-08-20,2021,S,5227.25,-555.0,5207.93017578125,True
2021-08-20,2021,L,5231.0,120.0,5207.93017578125,True
2021-08-25,2021,L,5294.0,-80.0,5193.1298828125,True
2021-08-26,2021,S,5272.75,-505.0,5192.0,True
2021-08-26,2021,S,5273.75,307.5,5192.0,True
2021-08-27,2021,L,5298.75,232.5,5205.22021484375,True
2021-08-27,2021,L,5306.25,-142.5,5205.22021484375,True
2021-08-30,2021,L,5330.25,-205.0,5191.5,True
2021-08-31,2021,L,5321.5,195.0,5189.77978515625,True
2021-09-08,2021,S,5297.25,-330.0,5192.83984375,True
2021-09-16,2021,S,5250.5,-505.0,5266.27978515625,False
2021-09-16,2021,L,5271.0,7.5,5266.27978515625,True
2021-09-17,2021,S,5231.0,332.5,5262.56005859375,False
2021-09-27,2021,L,5248.25,-367.5,5192.58984375,True
2021-10-01,2021,L,5125.75,1507.5,5212.47021484375,False
2021-10-04,2021,S,5087.75,-867.5,5216.81982421875,False
2021-10-05,2021,L,5161.0,-867.5,5218.759765625,False
2021-10-18,2021,L,5279.75,282.5,5182.39990234375,True
2021-10-19,2021,L,5302.75,1007.5,5194.47998046875,True
2021-10-19,2021,L,5307.25,782.5,5194.47998046875,True
2021-10-19,2021,L,5315.75,357.5,5194.47998046875,True
2021-10-20,2021,L,5334.5,-42.5,5229.1298828125,True
2021-10-22,2021,S,5351.25,357.5,5224.7099609375,True
2021-10-22,2021,S,5334.0,-617.5,5224.7099609375,True
2021-10-27,2021,S,5373.25,-505.0,5214.06005859375,True
2021-10-27,2021,L,5381.0,-505.0,5214.06005859375,True
2021-10-28,2021,L,5389.25,-480.0,5231.89990234375,True
2021-10-29,2021,S,5382.75,-467.5,5246.490234375,True
2021-11-04,2021,L,5481.75,-505.0,5239.759765625,True
2021-11-04,2021,S,5469.25,-505.0,5239.759765625,True
2021-11-05,2021,S,5500.5,332.5,5260.419921875,True
2021-11-09,2021,S,5478.25,-467.5,5239.83984375,True
2021-11-15,2021,S,5491.25,7.5,5388.85986328125,True
2021-11-16,2021,L,5510.25,-205.0,5407.10986328125,True
2021-11-16,2021,L,5514.5,-492.5,5407.10986328125,True
2021-11-17,2021,S,5494.5,-505.0,5419.25,True
2021-11-30,2021,S,5393.25,-555.0,5436.259765625,False
2021-12-06,2021,L,5375.0,-642.5,5463.330078125,False
2021-12-06,2021,L,5416.0,-642.5,5463.330078125,False
2021-12-06,2021,L,5415.5,-642.5,5463.330078125,False
2021-12-13,2021,S,5486.0,357.5,5412.9501953125,True
2021-12-15,2021,S,5424.5,-755.0,5477.7099609375,False
2021-12-15,2021,L,5432.25,4245.0,5477.7099609375,False
2021-12-16,2021,S,5526.75,2270.0,5445.6298828125,True
2021-12-16,2021,S,5511.0,1482.5,5445.6298828125,True
2021-12-27,2021,L,5576.25,1045.0,5419.41015625,True
2021-12-29,2021,S,5599.5,-17.5,5440.6201171875,True
2021-12-31,2021,S,5583.5,145.0,5524.39013671875,True
2022-01-04,2022,S,5616.0,882.5,5535.64013671875,True
2022-01-04,2022,S,5589.25,-642.5,5535.64013671875,True
2022-01-05,2022,S,5584.25,3457.5,5520.10009765625,True
2022-01-20,2022,S,5398.5,5757.5,5456.27978515625,False
2022-01-20,2022,S,5381.5,4907.5,5456.27978515625,False
2022-01-21,2022,S,5251.0,2445.0,5428.77001953125,False
2022-02-01,2022,S,5301.5,-1830.0,5296.16015625,True
2022-02-02,2022,L,5379.75,-905.0,5328.33984375,True
2022-02-07,2022,S,5298.0,-80.0,5335.2900390625,False
2022-02-16,2022,S,5248.5,-1042.5,5350.990234375,False
2022-02-23,2022,S,5093.5,-1067.5,5297.0400390625,False
2022-03-01,2022,S,5160.0,1482.5,5237.85986328125,False
2022-03-01,2022,S,5150.5,1007.5,5237.85986328125,False
2022-03-02,2022,L,5192.75,70.0,5256.52978515625,False
2022-03-02,2022,L,5210.25,-805.0,5256.52978515625,False
2022-03-07,2022,S,5052.5,2145.0,5222.77001953125,False
2022-03-14,2022,L,5048.75,-1367.5,5191.330078125,False
2022-03-14,2022,L,5050.75,-1367.5,5191.330078125,False
2022-03-23,2022,L,5309.75,-1255.0,5223.68017578125,True
2022-03-30,2022,S,5428.75,207.5,5305.75,True
2022-04-07,2022,S,5281.5,-855.0,5339.7099609375,False
2022-04-07,2022,S,5277.5,-855.0,5339.7099609375,False
2022-04-07,2022,S,5293.25,-855.0,5339.7099609375,False
2022-04-13,2022,L,5230.25,1557.5,5316.85986328125,False
2022-04-13,2022,L,5243.25,907.5,5316.85986328125,False
2022-04-13,2022,L,5255.5,295.0,5316.85986328125,False
2022-04-14,2022,S,5245.5,1832.5,5284.02978515625,False
2022-04-27,2022,S,4990.5,-1317.5,5209.35986328125,False
2022-04-29,2022,S,5033.25,3407.5,5163.6201171875,False
2022-05-04,2022,L,5005.25,-1567.5,5163.60986328125,False
2022-05-16,2022,L,4817.5,457.5,5174.719970703125,False
2022-05-16,2022,L,4826.5,7.5,5174.719970703125,False
2022-05-19,2022,S,4712.75,-1542.5,5143.52001953125,False
2022-05-25,2022,L,4772.75,1095.0,4883.889892578125,False
2022-05-26,2022,L,4885.75,-717.5,4873.820068359375,True
2022-06-02,2022,L,4918.5,3732.5,4927.66015625,False
2022-06-02,2022,L,4938.25,2745.0,4927.66015625,True
2022-06-09,2022,S,4916.5,3632.5,4946.919921875,False
2022-06-14,2022,S,4575.75,907.5,5007.699951171875,False
2022-06-28,2022,S,4684.5,1832.5,4750.81005859375,False
2022-06-28,2022,S,4671.25,1170.0,4750.81005859375,False
2022-07-21,2022,L,4810.0,107.5,4726.969970703125,True
2022-07-22,2022,S,4795.5,520.0,4743.9599609375,True
2022-07-28,2022,L,4874.25,1432.5,4750.280029296875,True
2022-07-28,2022,L,4893.0,495.0,4750.280029296875,True
2022-08-02,2022,L,4934.5,-992.5,4799.56982421875,True
2022-08-04,2022,L,4982.5,-980.0,4880.580078125,True
2022-08-24,2022,S,4962.5,-342.5,4995.22998046875,False
2022-08-30,2022,S,4812.25,-5.0,4935.60009765625,False
2022-08-30,2022,S,4797.75,-842.5,4935.60009765625,False
2022-09-07,2022,L,4764.75,1695.0,4840.639892578125,False
2022-09-08,2022,S,4814.75,-880.0,4841.77001953125,False
2022-09-14,2022,S,4758.5,-555.0,4857.409912109375,False
2022-09-21,2022,L,4703.25,-980.0,4790.699951171875,False
2022-09-28,2022,L,4499.75,1970.0,4848.47998046875,False
2022-09-28,2022,L,4520.25,945.0,4848.47998046875,False
2022-09-28,2022,L,4517.5,1082.5,4848.47998046875,False
2022-10-03,2022,L,4474.25,1245.0,4834.60009765625,False
2022-10-03,2022,L,4479.25,995.0,4834.60009765625,False
2022-10-06,2022,L,4579.25,-1130.0,4601.320068359375,False
2022-10-12,2022,S,4404.0,370.0,4624.43994140625,False
2022-10-20,2022,L,4538.25,-1267.5,4590.530029296875,False
2022-10-20,2022,S,4494.5,382.5,4590.530029296875,False
2022-10-21,2022,S,4492.25,-1305.0,4574.159912109375,False
2022-10-27,2022,S,4629.5,2070.0,4588.60009765625,True
2022-11-02,2022,S,4649.5,-1155.0,4627.929931640625,True
2022-11-08,2022,L,4664.75,-1180.0,4585.64990234375,True
2022-11-11,2022,L,4785.25,-1205.0,4623.080078125,True
2022-11-16,2022,S,4782.0,-80.0,4709.10009765625,True
2022-11-16,2022,S,4783.0,-30.0,4709.10009765625,True
2022-11-23,2022,L,4836.5,-880.0,4736.2900390625,True
2022-11-30,2022,S,4759.25,-567.5,4793.7900390625,False
2022-12-05,2022,S,4827.25,1032.5,4808.860107421875,True
2022-12-05,2022,S,4813.75,357.5,4808.860107421875,True
2022-12-06,2022,S,4762.75,707.5,4837.159912109375,False
2022-12-06,2022,S,4764.75,807.5,4837.159912109375,False
2022-12-06,2022,S,4754.0,270.0,4837.159912109375,False
2022-12-09,2022,S,4761.75,-917.5,4805.050048828125,False
2022-12-09,2022,L,4778.25,-917.5,4805.050048828125,False
2022-12-09,2022,L,4775.0,-917.5,4805.050048828125,False
2022-12-12,2022,S,4764.0,-967.5,4775.22998046875,False
2022-12-19,2022,S,4631.0,945.0,4764.639892578125,False
2022-12-19,2022,S,4631.5,970.0,4764.639892578125,False
2022-12-28,2022,S,4617.75,1795.0,4618.1201171875,False
2023-01-11,2023,L,4738.25,1132.5,4698.489990234375,True
2023-01-12,2023,S,4761.5,-917.5,4698.070068359375,True
2023-01-17,2023,L,4802.75,-855.0,4716.159912109375,True
2023-01-19,2023,L,4698.5,-480.0,4742.1201171875,False
2023-01-20,2023,L,4707.5,2482.5,4742.52001953125,False
2023-01-20,2023,L,4719.25,1895.0,4742.52001953125,False
2023-01-31,2023,L,4829.25,1295.0,4796.77001953125,True
2023-01-31,2023,L,4834.0,1057.5,4796.77001953125,True
2023-02-07,2023,L,4898.75,-892.5,4816.47998046875,True
2023-02-15,2023,L,4922.25,445.0,4845.52978515625,True
2023-02-17,2023,S,4838.0,-867.5,4843.740234375,False
2023-03-01,2023,S,4727.25,-105.0,4781.820068359375,False
2023-03-02,2023,L,4715.75,2032.5,4797.22998046875,False
2023-03-03,2023,L,4789.5,1632.5,4776.64990234375,True
2023-03-03,2023,L,4807.25,745.0,4776.64990234375,True
2023-03-06,2023,L,4846.5,-680.0,4774.5400390625,True
2023-03-06,2023,L,4849.75,-680.0,4774.5400390625,True
2023-03-07,2023,S,4783.0,-717.5,4778.969970703125,True
2023-03-20,2023,S,4718.0,-192.5,4741.68994140625,False
2023-03-28,2023,S,4723.5,-1030.0,4738.39990234375,False
2023-04-06,2023,L,4843.25,1245.0,4813.199951171875,True
2023-04-06,2023,L,4865.5,132.5,4813.199951171875,True
2023-04-06,2023,L,4865.5,132.5,4813.199951171875,True
2023-04-11,2023,S,4872.75,-555.0,4822.25,True
2023-04-11,2023,L,4878.5,-130.0,4822.25,True
2023-04-12,2023,L,4884.75,-542.5,4799.06005859375,True
2023-04-13,2023,L,4880.75,1420.0,4834.050048828125,True
2023-04-17,2023,S,4897.25,-642.5,4848.25,True
2023-04-17,2023,S,4890.75,-642.5,4848.25,True
2023-04-24,2023,S,4880.5,-567.5,4877.16015625,True
2023-04-24,2023,L,4885.75,495.0,4877.16015625,True
2023-04-24,2023,L,4889.75,295.0,4877.16015625,True
2023-04-25,2023,S,4842.75,-167.5,4871.31005859375,False
2023-04-27,2023,L,4861.5,1557.5,4872.760009765625,False
2023-04-27,2023,L,4862.25,1520.0,4872.760009765625,False
2023-04-28,2023,L,4920.0,-605.0,4854.02001953125,True
2023-05-02,2023,S,4847.75,-592.5,4851.93017578125,False
2023-05-08,2023,S,4880.75,-492.5,4845.43994140625,True
2023-05-11,2023,S,4870.5,-505.0,4864.0498046875,True
2023-05-12,2023,S,4850.5,-630.0,4872.18994140625,False
2023-05-19,2023,S,4940.0,95.0,4877.0,True
2023-05-22,2023,S,4948.0,195.0,4889.52001953125,True
2023-05-24,2023,S,4859.75,-630.0,4902.6201171875,False
2023-05-26,2023,S,4944.75,-605.0,4888.68994140625,True
2023-06-05,2023,S,5033.0,707.5,4911.35009765625,True
2023-06-06,2023,S,5018.25,-605.0,4912.75,True
2023-06-07,2023,S,5033.5,1095.0,4929.91015625,True
2023-06-07,2023,S,5017.0,270.0,4929.91015625,True
2023-06-09,2023,S,5035.25,-580.0,4941.22998046875,True
2023-06-13,2023,S,5098.75,-592.5,4965.85009765625,True
2023-06-13,2023,L,5111.5,-592.5,4965.85009765625,True
2023-06-15,2023,L,5146.0,670.0,4975.240234375,True
2023-06-20,2023,S,5114.5,-592.5,5007.97998046875,True
2023-07-17,2023,L,5246.0,-180.0,5022.66015625,True
2023-07-25,2023,L,5288.75,307.5,5237.66015625,True
2023-07-25,2023,L,5292.25,132.5,5237.66015625,True
2023-08-01,2023,S,5290.75,-80.0,5274.419921875,True
2023-08-07,2023,L,5220.75,595.0,5240.759765625,False
2023-08-14,2023,L,5189.0,507.5,5221.35009765625,False
2023-08-22,2023,S,5092.25,-730.0,5186.580078125,False
2023-08-23,2023,L,5132.5,445.0,5129.1298828125,True
2023-08-25,2023,L,5087.5,1070.0,5113.18017578125,False
2023-08-28,2023,S,5132.5,-217.5,5124.81005859375,True
2023-08-28,2023,L,5135.0,-792.5,5124.81005859375,True
2023-08-31,2023,S,5216.75,257.5,5143.8701171875,True
2023-09-12,2023,S,5165.0,-505.0,5166.419921875,False
2023-09-13,2023,S,5159.25,-455.0,5171.330078125,False
2023-09-15,2023,S,5157.25,545.0,5171.990234375,False
2023-09-15,2023,S,5143.25,-155.0,5171.990234375,False
2023-09-19,2023,L,5129.25,345.0,5172.85986328125,False
2023-09-20,2023,S,5143.75,2757.5,5159.97998046875,False
2023-09-20,2023,L,5145.5,-505.0,5159.97998046875,False
2023-09-20,2023,S,5136.0,2370.0,5159.97998046875,False
2023-09-22,2023,S,5010.5,-555.0,5149.0,False
2023-10-03,2023,L,4916.75,-755.0,5062.39990234375,False
2023-10-04,2023,S,4920.25,-792.5,5056.7900390625,False
2023-10-05,2023,S,4909.75,-780.0,5039.83984375,False
2023-10-06,2023,L,4987.75,82.5,5019.14013671875,False
2023-10-11,2023,S,5038.5,-892.5,5009.16015625,True
2023-10-13,2023,L,5002.25,-330.0,5020.740234375,False
2023-10-19,2023,L,4999.75,-892.5,5051.14990234375,False
2023-10-25,2023,S,4860.5,45.0,4991.18017578125,False
2023-10-27,2023,L,4808.25,-880.0,4984.1201171875,False
2023-10-31,2023,L,4847.0,120.0,4957.31005859375,False
2023-11-06,2023,S,5016.0,-517.5,4935.6201171875,True
2023-11-07,2023,L,5041.25,-105.0,4965.10009765625,True
2023-11-10,2023,L,5063.5,582.5,5014.31982421875,True
2023-11-10,2023,L,5064.75,520.0,5014.31982421875,True
2023-11-13,2023,L,5072.75,-105.0,5006.2900390625,True
2023-11-17,2023,L,5167.0,95.0,5056.60986328125,True
2023-11-29,2023,S,5215.25,-342.5,5141.60009765625,True
2023-11-30,2023,L,5206.25,-367.5,5144.25,True
2023-12-01,2023,S,5238.5,-380.0,5146.330078125,True
2023-12-01,2023,L,5242.5,195.0,5146.330078125,True
2023-12-05,2023,S,5214.0,-392.5,5195.490234375,True
2023-12-06,2023,S,5219.0,945.0,5200.0400390625,True
2023-12-06,2023,S,5215.75,782.5,5200.0400390625,True
2023-12-07,2023,L,5234.5,-180.0,5192.8798828125,True
2023-12-08,2023,L,5233.5,820.0,5132.75,True
2023-12-12,2023,L,5273.25,882.5,5194.2099609375,True
2023-12-12,2023,L,5276.25,732.5,5194.2099609375,True
2023-12-15,2023,L,5361.0,-592.5,5221.77001953125,True
2023-12-15,2023,L,5364.0,-592.5,5221.77001953125,True
2023-12-19,2023,L,5405.5,132.5,5256.81005859375,True
2023-12-19,2023,L,5404.75,170.0,5256.81005859375,True
2023-12-28,2023,S,5425.75,32.5,5348.39013671875,True
2023-12-29,2023,L,5405.5,-55.0,5354.669921875,True
2024-01-05,2024,S,5322.75,-567.5,5344.72998046875,False
2024-01-11,2024,L,5390.25,732.5,5353.5,True
2024-01-16,2024,L,5402.0,-580.0,5348.4501953125,True
2024-01-16,2024,S,5382.0,-417.5,5348.4501953125,True
2024-01-18,2024,S,5377.75,-592.5,5386.18017578125,False
2024-01-18,2024,S,5371.5,-592.5,5386.18017578125,False
2024-01-19,2024,L,5421.0,2082.5,5366.740234375,True
2024-01-22,2024,S,5476.75,270.0,5371.22021484375,True
2024-01-22,2024,S,5472.75,70.0,5371.22021484375,True
2024-01-23,2024,S,5470.5,-567.5,5388.490234375,True
2024-02-01,2024,L,5499.25,1795.0,5481.47021484375,True
2024-02-02,2024,L,5549.75,982.5,5478.47021484375,True
2024-02-02,2024,L,5564.5,-630.0,5478.47021484375,True
2024-02-08,2024,S,5603.0,-205.0,5479.7001953125,True
2024-02-08,2024,L,5603.0,170.0,5479.7001953125,True
2024-02-14,2024,L,5589.25,-667.5,5555.759765625,True
2024-02-15,2024,S,5610.0,-642.5,5538.5498046875,True
2024-02-15,2024,L,5628.5,495.0,5538.5498046875,True
2024-02-21,2024,S,5565.75,-530.0,5578.64990234375,False
2024-02-26,2024,S,5682.5,607.5,5562.14990234375,True
2024-02-27,2024,L,5669.75,-592.5,5563.83984375,True
2024-02-29,2024,S,5684.0,-505.0,5641.77001953125,True
2024-02-29,2024,S,5676.75,-505.0,5641.77001953125,True
2024-03-01,2024,L,5725.25,332.5,5572.93017578125,True
2024-03-04,2024,L,5732.25,-330.0,5565.18994140625,True
2024-03-04,2024,L,5736.0,-530.0,5565.18994140625,True
2024-03-06,2024,S,5702.0,-580.0,5686.91015625,True
2024-03-06,2024,S,5700.25,-192.5,5686.91015625,True
2024-03-06,2024,S,5699.25,-242.5,5686.91015625,True
2024-03-07,2024,L,5747.0,-30.0,5663.02001953125,True
2024-03-07,2024,L,5754.5,-580.0,5663.02001953125,True
2024-03-12,2024,L,5760.75,-617.5,5663.9501953125,True
2024-03-12,2024,S,5738.25,-617.5,5663.9501953125,True
2024-03-19,2024,L,5741.75,1282.5,5703.39013671875,True
2024-03-20,2024,L,5771.5,2495.0,5725.759765625,True
2024-03-21,2024,L,5843.75,-717.5,5725.0400390625,True
2024-03-21,2024,S,5842.0,395.0,5725.0400390625,True
2024-03-22,2024,S,5822.5,270.0,5705.2001953125,True
2024-03-26,2024,S,5815.0,820.0,5749.81005859375,True
2024-04-01,2024,S,5822.25,20.0,5745.1201171875,True
2024-04-01,2024,S,5816.0,-505.0,5745.1201171875,True
2024-04-16,2024,S,5620.0,-967.5,5736.009765625,False
2024-04-18,2024,S,5605.0,1420.0,5708.93994140625,False
2024-04-18,2024,S,5577.5,45.0,5708.93994140625,False
2024-04-22,2024,L,5596.0,-967.5,5704.169921875,False
2024-04-24,2024,S,5616.0,-1017.5,5631.75,False
2024-04-26,2024,L,5660.0,-180.0,5677.89990234375,False
2024-04-30,2024,S,5664.5,3632.5,5640.08984375,True
2024-04-30,2024,S,5634.75,2145.0,5640.08984375,False
2024-05-01,2024,S,5576.25,-967.5,5621.330078125,False
2024-05-01,2024,S,5579.5,-967.5,5621.330078125,False
2024-05-06,2024,L,5722.25,420.0,5633.02001953125,True
2024-05-09,2024,L,5756.25,645.0,5686.77978515625,True
2024-05-10,2024,S,5768.25,-167.5,5703.64990234375,True
2024-05-10,2024,S,5768.25,-167.5,5703.64990234375,True
2024-05-13,2024,S,5769.5,-17.5,5699.56005859375,True
2024-05-15,2024,L,5849.5,195.0,5717.60009765625,True
2024-05-16,2024,S,5866.0,1045.0,5718.7900390625,True
2024-05-21,2024,L,5860.75,507.5,5793.919921875,True
2024-05-24,2024,L,5847.0,20.0,5832.72021484375,True
2024-05-30,2024,L,5794.75,-517.5,5810.5,False
2024-05-31,2024,S,5741.5,-530.0,5818.0,False
2024-05-31,2024,L,5756.75,3370.0,5818.0,False
2024-06-04,2024,S,5802.75,-705.0,5809.02978515625,False
2024-06-04,2024,L,5806.5,1232.5,5809.02978515625,False
2024-06-04,2024,L,5815.0,807.5,5809.02978515625,True
2024-06-05,2024,L,5872.75,820.0,5802.759765625,True
2024-06-11,2024,L,5904.5,370.0,5857.66015625,True
2024-06-13,2024,S,5948.25,-780.0,5859.5498046875,True
2024-06-24,2024,S,5991.0,595.0,5985.18994140625,True
2024-06-24,2024,S,5987.25,407.5,5985.18994140625,True
2024-06-28,2024,L,6039.5,-530.0,5983.5,True
2024-07-01,2024,S,5972.25,-592.5,5986.4501953125,False
2024-07-01,2024,S,5983.0,-592.5,5986.4501953125,False
2024-07-03,2024,L,6038.25,745.0,5995.4501953125,True
2024-07-05,2024,L,6078.25,157.5,5991.02001953125,True
2024-07-08,2024,S,6091.0,20.0,5983.93994140625,True
2024-07-08,2024,S,6087.75,-142.5,5983.93994140625,True
2024-07-08,2024,S,6085.5,-255.0,5983.93994140625,True
2024-07-15,2024,S,6143.25,-605.0,6026.18017578125,True
2024-07-16,2024,S,6158.25,-630.0,6061.7001953125,True
2024-07-19,2024,S,6035.75,1232.5,6102.1298828125,False
2024-07-19,2024,S,6017.25,307.5,6102.1298828125,False
2024-07-25,2024,L,5982.0,-892.5,6054.02001953125,False
2024-07-25,2024,S,5947.5,2007.5,6054.02001953125,False
2024-07-30,2024,S,5967.75,3045.0,5996.7998046875,False
2024-08-20,2024,S,6080.75,-367.5,5979.919921875,True
2024-08-21,2024,S,6095.75,-367.5,5990.72021484375,True
2024-08-22,2024,S,6104.25,2170.0,5997.7099609375,True
2024-08-26,2024,S,6103.0,457.5,6015.490234375,True
2024-08-26,2024,S,6086.0,-392.5,6015.490234375,True
2024-08-27,2024,L,6104.5,107.5,6002.6298828125,True
2024-08-28,2024,S,6049.0,-767.5,6017.0498046875,True
2024-08-29,2024,L,6123.5,-792.5,6021.5,True
2024-08-30,2024,S,6074.75,-817.5,6052.85986328125,True
2024-09-06,2024,S,5884.0,282.5,6050.56982421875,False
2024-09-17,2024,S,6099.0,-292.5,6010.27001953125,True
2024-09-18,2024,L,6105.0,-1067.5,6049.1201171875,True
2024-09-23,2024,S,6169.5,-417.5,6083.3701171875,True
2024-09-24,2024,L,6188.25,182.5,6089.41015625,True
2024-09-25,2024,S,6191.25,245.0,6108.83984375,True
2024-09-25,2024,S,6179.25,-355.0,6108.83984375,True
2024-09-27,2024,S,6202.25,520.0,6122.66015625,True
2024-10-02,2024,L,6148.25,945.0,6141.47021484375,True
2024-10-02,2024,L,6164.75,-755.0,6141.47021484375,True
2024-10-02,2024,L,6171.25,-755.0,6141.47021484375,True
2024-10-02,2024,L,6168.75,-755.0,6141.47021484375,True
2024-10-03,2024,L,6161.5,-705.0,6147.22021484375,True
2024-10-08,2024,L,6187.0,720.0,6153.0,True
2024-10-09,2024,L,6234.0,95.0,6139.6298828125,True
2024-10-11,2024,L,6257.75,-30.0,6172.85986328125,True
2024-10-15,2024,S,6286.75,1270.0,6188.9501953125,True
2024-10-15,2024,S,6286.25,1245.0,6188.9501953125,True
2024-10-18,2024,L,6310.25,-55.0,6215.27001953125,True
2024-10-25,2024,S,6277.75,1682.5,6261.64013671875,True
2024-10-29,2024,L,6268.0,782.5,6252.56005859375,True
2024-10-29,2024,L,6275.5,407.5,6252.56005859375,True
2024-10-30,2024,S,6270.75,1182.5,6253.740234375,True
2024-11-04,2024,L,6168.5,-767.5,6244.2998046875,False
2024-11-04,2024,L,6157.5,-767.5,6244.2998046875,False
2024-11-08,2024,L,6436.25,-417.5,6248.64990234375,True
2024-11-12,2024,S,6425.75,357.5,6253.2900390625,True
2024-11-13,2024,L,6431.75,-780.0,6301.330078125,True
2024-11-13,2024,L,6431.5,-780.0,6301.330078125,True
2024-11-14,2024,L,6409.5,-780.0,6294.580078125,True
2024-11-21,2024,L,6379.25,-405.0,6328.33984375,True
2024-11-22,2024,S,6376.5,-817.5,6312.009765625,True
2024-11-26,2024,S,6417.0,-855.0,6348.27001953125,True
2024-12-03,2024,L,6461.5,370.0,6394.259765625,True
2024-12-09,2024,L,6478.5,-455.0,6389.77978515625,True
2024-12-10,2024,L,6472.0,-417.5,6453.0498046875,True
2024-12-10,2024,S,6465.75,582.5,6453.0498046875,True
2024-12-11,2024,L,6488.0,82.5,6466.22021484375,True
2024-12-16,2024,L,6485.0,-230.0,6423.7998046875,True
2024-12-17,2024,L,6462.5,-467.5,6428.419921875,True
2024-12-18,2024,S,6471.0,10470.0,6453.2998046875,True
2024-12-31,2024,S,6276.75,357.5,6362.14013671875,False
2025-01-03,2025,S,6289.0,-1467.5,6365.89013671875,False
2025-01-03,2025,S,6307.5,-505.0,6365.89013671875,False
2025-01-14,2025,S,6200.5,-1155.0,6334.56982421875,False
2025-01-14,2025,L,6224.25,-1155.0,6334.56982421875,False
2025-01-21,2025,L,6414.75,220.0,6296.77001953125,True
2025-01-24,2025,S,6469.0,395.0,6379.52978515625,True
2025-01-28,2025,S,6394.0,-705.0,6402.5498046875,False
2025-02-05,2025,S,6383.0,-917.5,6389.419921875,False
2025-02-10,2025,L,6418.25,-155.0,6405.27001953125,True
2025-02-10,2025,L,6421.0,-292.5,6405.27001953125,True
2025-02-11,2025,L,6417.5,295.0,6399.2900390625,True
2025-02-11,2025,L,6418.25,257.5,6399.2900390625,True
2025-02-13,2025,L,6437.0,1345.0,6421.06005859375,True
2025-02-14,2025,L,6472.0,-380.0,6399.0,True
2025-02-14,2025,L,6468.25,-192.5,6399.0,True
2025-02-14,2025,L,6467.5,-155.0,6399.0,True
2025-02-18,2025,S,6465.75,-692.5,6399.580078125,True
2025-02-18,2025,S,6458.75,-692.5,6399.580078125,True
2025-02-21,2025,S,6426.75,3095.0,6418.02001953125,True
2025-02-21,2025,S,6380.5,782.5,6418.02001953125,False
2025-02-25,2025,S,6277.5,-742.5,6412.5,False
2025-02-26,2025,L,6347.5,-817.5,6426.91015625,False
2025-02-26,2025,L,6348.25,-817.5,6426.91015625,False
2025-03-03,2025,L,6294.25,-1092.5,6418.7900390625,False
2025-03-03,2025,S,6249.0,2357.5,6418.7900390625,False
2025-03-05,2025,S,6091.75,-1492.5,6349.60986328125,False
2025-03-07,2025,S,6050.0,-1692.5,6352.25,False
2025-03-13,2025,S,5870.5,-242.5,6270.89990234375,False
2025-03-18,2025,S,5939.75,-705.0,6158.39013671875,False
2025-03-19,2025,L,5991.75,-1517.5,6263.02001953125,False
2025-03-26,2025,S,6087.5,2482.5,6058.2998046875,True
2025-03-26,2025,S,6057.25,970.0,6058.2998046875,False
2025-03-26,2025,S,6034.5,-167.5,6058.2998046875,False
2025-03-28,2025,S,5902.25,432.5,6062.5400390625,False
2025-04-01,2025,S,5910.25,-1205.0,6078.22998046875,False
2025-04-15,2025,S,5719.0,557.5,6016.2900390625,False
2025-04-24,2025,L,5751.75,2445.0,5738.91015625,True
2025-04-24,2025,L,5755.5,2257.5,5738.91015625,True
2025-04-29,2025,S,5847.25,-917.5,5794.77978515625,True
2025-05-07,2025,L,5932.25,-1380.0,5895.52978515625,True
2025-05-07,2025,S,5910.5,-1380.0,5895.52978515625,True
2025-05-14,2025,S,6188.0,-92.5,5978.22998046875,True
2025-05-22,2025,L,6138.0,-5.0,6198.77001953125,False
2025-05-27,2025,L,6193.0,1295.0,6149.64013671875,True
2025-05-27,2025,L,6205.5,670.0,6149.64013671875,True
2025-05-27,2025,L,6211.75,357.5,6149.64013671875,True
2025-05-28,2025,L,6203.0,-892.5,6159.7998046875,True
2025-05-30,2025,S,6155.0,-955.0,6165.81982421875,False
2025-06-05,2025,S,6253.5,1182.5,6154.77001953125,True
2025-06-11,2025,L,6331.0,-867.5,6256.330078125,True
2025-06-11,2025,L,6339.75,-867.5,6256.330078125,True
2025-06-11,2025,S,6334.5,1270.0,6256.330078125,True
2025-06-11,2025,S,6312.75,182.5,6256.330078125,True
2025-06-17,2025,S,6265.5,-5.0,6259.81982421875,True
2025-06-26,2025,L,6419.0,-80.0,6260.97021484375,True
2025-06-30,2025,L,6465.5,395.0,6312.02978515625,True
2025-07-02,2025,L,6486.75,657.5,6333.93017578125,True
2025-07-02,2025,L,6491.0,445.0,6333.93017578125,True
2025-07-02,2025,L,6494.25,282.5,6333.93017578125,True
2025-07-09,2025,S,6536.0,-80.0,6443.3798828125,True
2025-07-10,2025,L,6560.0,-605.0,6423.10986328125,True
2025-07-18,2025,S,6555.5,-330.0,6478.3798828125,True
2025-07-21,2025,L,6599.25,-680.0,6519.1201171875,True
2025-07-25,2025,L,6640.75,570.0,6537.330078125,True
2025-07-25,2025,L,6650.25,95.0,6537.330078125,True
2025-07-25,2025,L,6653.75,-80.0,6537.330078125,True
2025-07-25,2025,L,6655.75,-180.0,6537.330078125,True
2025-07-28,2025,S,6641.0,-505.0,6529.9599609375,True
2025-07-29,2025,S,6639.0,370.0,6566.33984375,True
2025-08-05,2025,S,6553.25,-767.5,6561.7001953125,False
2025-08-11,2025,S,6636.0,-917.5,6591.240234375,True
2025-08-11,2025,S,6634.75,495.0,6591.240234375,True
2025-08-12,2025,L,6684.75,445.0,6582.47998046875,True
2025-08-12,2025,L,6689.0,232.5,6582.47998046875,True
2025-08-14,2025,L,6711.5,-142.5,6598.14990234375,True
2025-08-19,2025,S,6675.5,695.0,6664.7001953125,True
2025-08-20,2025,L,6626.0,720.0,6691.7998046875,False
2025-08-26,2025,L,6683.75,1470.0,6672.1298828125,True
2025-08-26,2025,L,6689.75,1170.0,6672.1298828125,True
2025-09-04,2025,L,6710.75,1557.5,6692.02001953125,True
2025-09-04,2025,L,6712.5,1470.0,6692.02001953125,True
2025-09-04,2025,L,6721.0,1045.0,6692.02001953125,True
2025-09-08,2025,S,6729.75,-280.0,6683.10986328125,True
2025-09-08,2025,S,6729.0,-317.5,6683.10986328125,True
2025-09-09,2025,L,6740.75,720.0,6692.3798828125,True
2025-09-11,2025,L,6818.75,-5.0,6708.3701171875,True
2025-09-12,2025,L,6820.75,-317.5,6699.669921875,True
2025-09-16,2025,S,6838.75,-192.5,6703.3701171875,True
2025-09-17,2025,L,6830.75,-605.0,6708.77978515625,True
2025-09-19,2025,L,6878.75,657.5,6706.06005859375,True
2025-09-19,2025,L,6882.25,482.5,6706.06005859375,True
2025-09-23,2025,S,6917.75,1507.5,6815.06005859375,True
2025-09-24,2025,S,6865.25,-255.0,6850.93994140625,True
2025-09-30,2025,L,6876.75,957.5,6844.39013671875,True
2025-09-30,2025,L,6882.25,-742.5,6844.39013671875,True
2025-10-02,2025,S,6921.5,-755.0,6852.0400390625,True
2025-10-02,2025,L,6929.5,395.0,6852.0400390625,True
2025-10-03,2025,L,6960.25,-742.5,6864.02001953125,True
2025-10-07,2025,S,6932.75,-230.0,6887.27001953125,True
2025-10-10,2025,S,6963.0,9345.0,6922.75,True
2025-10-10,2025,S,6964.75,9432.5,6922.75,True
2025-10-10,2025,S,6841.75,-705.0,6922.75,False
2025-10-16,2025,S,6832.0,-1167.5,6886.35986328125,False
2025-11-05,2025,L,7022.5,-842.5,7010.6201171875,True
2025-11-06,2025,S,6963.5,1632.5,6979.1298828125,False
2025-11-07,2025,S,6842.25,-867.5,6993.7001953125,False
2025-11-12,2025,S,7039.5,-530.0,6970.3798828125,True
2025-11-13,2025,L,6964.75,-1005.0,6967.43017578125,False
2025-11-21,2025,L,6810.75,-1567.5,6901.60986328125,False
2025-12-03,2025,L,7019.25,770.0,6945.7900390625,True
2025-12-03,2025,L,7037.5,-142.5,6945.7900390625,True
2025-12-05,2025,S,7046.25,-255.0,6967.7001953125,True
2025-12-08,2025,S,7013.75,-605.0,6950.9599609375,True
2025-12-12,2025,L,7020.75,-742.5,7004.35986328125,True
2025-12-15,2025,L,7000.25,-842.5,7005.10986328125,False
2025-12-15,2025,L,6991.5,7.5,7005.10986328125,False
2025-12-17,2025,L,6965.25,-905.0,6976.7998046875,False
2025-12-17,2025,S,6912.75,345.0,6976.7998046875,False
2025-12-17,2025,S,6909.0,157.5,6976.7998046875,False
2025-12-17,2025,S,6907.5,82.5,6976.7998046875,False
2025-12-17,2025,S,6897.25,-430.0,6976.7998046875,False
2025-12-19,2025,L,6999.25,45.0,6916.43994140625,True
2025-12-22,2025,L,7039.75,107.5,6999.990234375,True
2025-12-23,2025,L,7046.0,1120.0,6985.27001953125,True
2025-12-26,2025,S,7093.0,195.0,7016.39990234375,True
2026-01-02,2026,S,6988.25,-680.0,7049.0,False
2026-01-05,2026,L,7056.5,-67.5,7046.669921875,True
2026-01-05,2026,L,7063.25,-405.0,7046.669921875,True
2026-01-07,2026,L,7112.75,-605.0,7037.490234375,True
2026-01-12,2026,L,7119.75,370.0,7050.14013671875,True
2026-01-14,2026,S,7044.0,-730.0,7090.93994140625,False
2026-01-16,2026,S,7099.5,607.5,7076.7001953125,True
2026-01-29,2026,L,7060.25,1995.0,7070.16015625,False
2026-01-29,2026,L,7079.0,1057.5,7070.16015625,True
2026-02-03,2026,S,7072.0,945.0,7075.419921875,False
2026-02-03,2026,S,7065.0,595.0,7075.419921875,False
2026-02-04,2026,S,7014.5,-1092.5,7112.27001953125,False
2026-02-09,2026,S,7108.0,532.5,7058.97021484375,True
2026-02-12,2026,S,6997.0,1482.5,7074.4501953125,False
2026-02-12,2026,S,6976.25,-1367.5,7074.4501953125,False
2026-02-13,2026,L,6984.75,-1417.5,7071.68017578125,False
2026-02-17,2026,L,6986.5,-705.0,7122.33984375,False
2026-02-18,2026,S,7012.25,382.5,7048.14013671875,False
2026-02-25,2026,L,7061.75,532.5,7049.02001953125,True
2026-02-25,2026,L,7062.25,507.5,7049.02001953125,True
2026-03-04,2026,L,6990.75,-80.0,7017.68017578125,False
2026-03-05,2026,S,6943.25,170.0,6987.91015625,False
2026-03-17,2026,S,6836.25,20.0,6938.31982421875,False
2026-04-07,2026,L,6688.5,-1492.5,6647.759765625,True
2026-04-09,2026,L,6928.0,-392.5,6718.85986328125,True
2026-04-10,2026,S,6912.5,-267.5,6744.14013671875,True
2026-04-13,2026,L,6945.5,1932.5,6842.91015625,True
2026-04-15,2026,L,7100.5,820.0,6905.27001953125,True
2026-04-15,2026,L,7106.75,507.5,6905.27001953125,True
2026-04-20,2026,S,7197.0,-555.0,6928.7900390625,True
2026-04-21,2026,S,7195.0,432.5,6972.7001953125,True
2026-04-21,2026,S,7191.5,257.5,6972.7001953125,True
2026-04-22,2026,L,7221.75,145.0,7091.1201171875,True
2026-04-27,2026,S,7253.75,-630.0,7063.009765625,True
2026-04-27,2026,L,7258.25,370.0,7063.009765625,True
2026-04-29,2026,S,7214.25,-855.0,7109.7998046875,True
2026-04-29,2026,S,7210.75,-855.0,7109.7998046875,True
2026-04-29,2026,S,7205.5,-855.0,7109.7998046875,True
2026-05-04,2026,S,7282.0,-892.5,7117.81005859375,True
2026-05-07,2026,L,7456.75,-917.5,7165.72021484375,True
2026-05-07,2026,S,7417.25,-917.5,7165.72021484375,True
2026-05-13,2026,L,7490.0,2170.0,7360.330078125,True
2026-05-13,2026,L,7496.75,1832.5,7360.330078125,True
2026-05-13,2026,L,7530.0,170.0,7360.330078125,True
2026-05-18,2026,L,7468.25,-917.5,7461.919921875,True
2026-05-20,2026,L,7503.25,282.5,7389.85986328125,True
2026-05-28,2026,L,7635.75,732.5,7455.6298828125,True
2026-05-28,2026,L,7641.25,457.5,7455.6298828125,True
2026-06-01,2026,L,7686.75,-505.0,7466.85009765625,True
2026-06-03,2026,S,7640.0,557.5,7551.58984375,True
2026-06-16,2026,S,7613.75,1570.0,7489.080078125,True
2026-06-17,2026,S,7575.5,4132.5,7470.52978515625,True
2026-06-22,2026,S,7537.5,-417.5,7576.6298828125,False
2026-06-24,2026,S,7449.0,-1280.0,7537.60009765625,False
2026-06-24,2026,S,7417.5,-1280.0,7537.60009765625,False
2026-07-01,2026,L,7571.75,-1217.5,7472.080078125,True
2026-07-01,2026,S,7556.75,1057.5,7472.080078125,True
2026-07-02,2026,S,7530.25,282.5,7508.75,True
2026-07-02,2026,S,7494.75,-1130.0,7508.75,False
2026-07-06,2026,L,7579.5,832.5,7523.35986328125,True
2026-07-06,2026,L,7586.75,470.0,7523.35986328125,True
