date,spot,cr,ps,hvl,gex1,gex2,gex3,net_gex,d1_min,d1_max,cr0,ps0,weight
2021-07-01,4320.2,4330.0,4300.0,4400.0,4335.0,4325.0,4350.0,23.18238000000001,4300.801360458421,4339.598639541578,4370.0,4215.0,volume_proxy
2021-07-02,4352.48,4360.0,4335.0,4390.0,4380.0,4370.0,4390.0,60.98925999999997,4341.209811852698,4363.750188147301,4400.0,4220.0,volume_proxy
2021-07-06,4343.44,4370.0,4340.0,4410.0,4350.0,4345.0,4400.0,36.31328000000002,4324.231139620419,4362.648860379581,4395.0,4340.0,volume_proxy
2021-07-07,4358.9,4360.0,4355.0,4440.0,4375.0,4400.0,4345.0,24.475229999999996,4336.419735036598,4381.380264963402,4405.0,4255.0,volume_proxy
2021-07-08,4322.04,4350.0,4300.0,4420.0,4375.0,4400.0,4290.0,21.354969999999994,4294.026867287925,4350.053132712075,4405.0,4185.0,volume_proxy
2021-07-09,4369.26,4375.0,4355.0,4420.0,4390.0,4400.0,4350.0,48.352410000000006,4353.744861623868,4384.775138376132,4410.0,4225.0,volume_proxy
2021-07-12,4384.91,4390.0,4380.0,4435.0,4425.0,4440.0,4370.0,56.367380000000004,4358.927049056157,4410.892950943843,4435.0,4305.0,volume_proxy
2021-07-13,4369.81,4400.0,4360.0,4520.0,4350.0,4425.0,4365.0,5.807479999999996,4344.103709746175,4395.516290253826,4460.0,4260.0,volume_proxy
2021-07-14,4375.24,4380.0,4370.0,4450.0,4390.0,4385.0,4395.0,22.979350000000025,4353.339694596762,4397.140305403238,4445.0,4280.0,volume_proxy
2021-07-15,4359.73,4375.0,4340.0,4480.0,4400.0,4345.0,4395.0,13.419549999999992,4344.552176506008,4374.907823493991,4405.0,4285.0,volume_proxy
2021-07-16,4326.97,4350.0,4325.0,900.0,4265.0,4305.0,4400.0,-28.66988,4304.75389775492,4349.18610224508,4420.0,4070.0,volume_proxy
2021-07-19,4259.51,4275.0,4210.0,2325.0,4250.0,4175.0,4300.0,-51.430659999999996,4211.088267429155,4307.931732570845,4345.0,4145.0,volume_proxy
2021-07-20,4323.35,4330.0,4275.0,4430.0,4350.0,4355.0,4400.0,24.599700000000013,4292.562708522144,4354.137291477857,4405.0,4195.0,volume_proxy
2021-07-21,4358.77,4400.0,4355.0,4430.0,4410.0,4385.0,4340.0,31.21545999999999,4333.032552931478,4384.507447068523,4405.0,4245.0,volume_proxy
2021-07-22,4367.57,4375.0,4360.0,4410.0,4400.0,4450.0,4425.0,55.28602000000001,4346.761838771933,4388.378161228066,4440.0,4220.0,volume_proxy
2021-07-23,4411.75,4445.0,4405.0,4455.0,4375.0,4460.0,4450.0,80.49516999999999,4395.925569591553,4427.574430408447,4455.0,4295.0,volume_proxy
2021-07-26,4422.48,4425.0,4415.0,1700.0,4430.0,4450.0,4500.0,-16.942269999999994,4395.651777822368,4449.308222177631,4480.0,4345.0,volume_proxy
2021-07-27,4402.28,4410.0,4380.0,4600.0,4405.0,4375.0,4390.0,2.6892699999999925,4371.457538307438,4433.1024616925615,4485.0,4265.0,volume_proxy
2021-07-28,4400.62,4425.0,4375.0,4460.0,4380.0,4420.0,4410.0,40.945610000000016,4371.283933936115,4429.9560660638845,4465.0,4290.0,volume_proxy
2021-07-29,4418.95,4425.0,4400.0,4455.0,4430.0,4455.0,4460.0,75.17383,4396.080702866153,4441.819297133847,4495.0,4275.0,volume_proxy
2021-07-30,4395.08,4415.0,4375.0,4500.0,4405.0,4430.0,4450.0,19.393749999999972,4376.863732066914,4413.296267933086,4475.0,4305.0,volume_proxy
2021-08-02,4387.3,4405.0,4350.0,2650.0,4430.0,4355.0,4435.0,-21.399389999999997,4355.102438078586,4419.497561921415,4475.0,4325.0,volume_proxy
2021-08-03,4423.47,4450.0,4420.0,4650.0,4475.0,4455.0,4370.0,2.3263499999999953,4404.712512488813,4442.227487511187,4480.0,4275.0,volume_proxy
2021-08-04,4402.32,4425.0,4400.0,3525.0,3525.0,4395.0,4475.0,26481.6417,4373.444045302179,4431.1959546978205,4465.0,4330.0,volume_proxy
2021-08-05,4429.21,4450.0,4410.0,4475.0,4475.0,4500.0,4460.0,53.38729000000002,4404.577248664258,4453.842751335742,4500.0,4270.0,volume_proxy
2021-08-06,4436.2,4455.0,4435.0,4525.0,4430.0,4400.0,4485.0,26.511090000000003,4421.924075422845,4450.475924577155,4490.0,4300.0,volume_proxy
2021-08-10,4437.01,4475.0,4435.0,2500.0,4465.0,4455.0,4460.0,-2.0351699999999946,4417.760466013058,4456.259533986942,4505.0,4330.0,volume_proxy
2021-08-11,4447.86,4475.0,4430.0,4535.0,4500.0,4450.0,4480.0,24.433190000000003,4428.661460444307,4467.058539555693,4500.0,4350.0,volume_proxy
2021-08-12,4460.44,4465.0,4450.0,4555.0,4480.0,4490.0,4460.0,14.87194,4445.097015622152,4475.782984377847,4520.0,4355.0,volume_proxy
2021-08-13,4468.36,4490.0,4465.0,4610.0,4500.0,4505.0,4425.0,4.276730000000004,4456.937532587077,4479.782467412922,4520.0,4340.0,volume_proxy
2021-08-16,4479.89,4480.0,4425.0,4525.0,4485.0,4475.0,4455.0,54.577420000000004,4460.248424549324,4499.531575450676,4510.0,4355.0,volume_proxy
2021-08-17,4448.52,4475.0,4420.0,4535.0,4470.0,4480.0,4490.0,22.500090000000007,4424.795692678485,4472.244307321516,4525.0,4310.0,volume_proxy
2021-08-18,4400.37,4405.0,4400.0,4400.0,4500.0,4390.0,4375.0,221.87105999999997,4359.961570198643,4440.778429801357,4405.0,4345.0,volume_proxy
2021-08-19,4405.87,4450.0,4390.0,2600.0,4415.0,4400.0,4420.0,-9.276199999999998,4376.215841010495,4435.524158989505,4455.0,4345.0,volume_proxy
2021-08-20,4441.31,4455.0,4440.0,1700.0,4450.0,4500.0,4395.0,-40.49839999999999,4424.969669154265,4457.650330845736,4530.0,4260.0,volume_proxy
2021-08-23,4479.69,4490.0,4455.0,4550.0,4510.0,4505.0,4495.0,49.43435000000001,4458.745565400928,4500.634434599071,4535.0,4390.0,volume_proxy
2021-08-24,4486.37,4505.0,4475.0,4560.0,4470.0,4525.0,4530.0,39.44865999999998,4468.716469924691,4504.023530075308,4550.0,4410.0,volume_proxy
2021-08-25,4496.24,4500.0,4490.0,4555.0,4525.0,4550.0,4515.0,40.344300000000004,4475.443360206269,4517.0366397937305,4550.0,4420.0,volume_proxy
2021-08-26,4469.76,4505.0,4460.0,1850.0,4515.0,4440.0,4400.0,-11.868040000000004,4437.5161930922095,4502.003806907791,4555.0,4355.0,volume_proxy
2021-08-27,4509.36,4520.0,4505.0,1800.0,4510.0,4530.0,4495.0,-17.652920000000012,4495.928082022153,4522.791917977846,4560.0,4325.0,volume_proxy
2021-08-30,4528.75,4530.0,4515.0,4610.0,4510.0,4560.0,4535.0,26.313699999999997,4512.471670166094,4545.028329833906,4580.0,4460.0,volume_proxy
2021-09-01,4524.37,4525.0,4500.0,1900.0,4545.0,4515.0,4550.0,-12.569719999999998,4501.047752770912,4547.692247229088,4590.0,4465.0,volume_proxy
2021-09-02,4537.2,4560.0,4525.0,1900.0,4575.0,4540.0,4500.0,-20.722519999999992,4515.649418219486,4558.750581780514,4625.0,4420.0,volume_proxy
2021-09-03,4535.71,4540.0,4535.0,4570.0,4570.0,4550.0,4580.0,64449.204209999996,4523.601064629032,4547.818935370968,4595.0,4425.0,volume_proxy
2021-09-08,4514.45,4520.0,4510.0,2000.0,4525.0,4560.0,4450.0,-34.83662000000001,4489.859348448114,4539.040651551885,4575.0,4420.0,volume_proxy
2021-09-10,4458.97,4475.0,4450.0,1450.0,4455.0,4525.0,4540.0,-23.879270000000005,4428.089095475207,4489.850904524794,4575.0,4370.0,volume_proxy
2021-09-13,4469.07,4470.0,4460.0,1800.0,4500.0,4400.0,4525.0,-43.596179999999976,4431.994571986499,4506.1454280135,4545.0,4355.0,volume_proxy
2021-09-14,4443.91,4500.0,4400.0,2350.0,4375.0,4360.0,4510.0,-5.173140000000009,4411.872264768732,4475.947735231268,4565.0,4295.0,volume_proxy
2021-09-16,4474.05,4500.0,4430.0,4560.0,4525.0,4530.0,4450.0,32.63214000000003,4455.292228089445,4492.807771910555,4540.0,4385.0,volume_proxy
2021-09-17,4433.27,4465.0,4410.0,2550.0,4415.0,4450.0,4405.0,-41.87086000000001,4408.378686302229,4458.161313697772,4560.0,4310.0,volume_proxy
2021-09-20,4358.45,4375.0,4325.0,2300.0,4275.0,4330.0,4315.0,-66.59517,4300.569362408991,4416.330637591009,4475.0,4240.0,volume_proxy
2021-09-21,4353.41,4375.0,4335.0,2000.0,4315.0,4400.0,4425.0,-56.73244,4303.602703241268,4403.217296758732,4395.0,4335.0,volume_proxy
2021-09-22,4395.65,4425.0,4395.0,2500.0,4375.0,4440.0,4415.0,-22.16983,4351.431851355135,4439.868148644864,4495.0,4245.0,volume_proxy
2021-09-23,4448.22,4460.0,4440.0,4540.0,4450.0,4515.0,4480.0,35.31029,4418.48955758425,4477.95044241575,4565.0,4305.0,volume_proxy
2021-09-24,4455.58,4470.0,4450.0,4545.0,4425.0,4500.0,4550.0,27.02563999999999,4435.274555710762,4475.885444289238,4525.0,4315.0,volume_proxy
2021-09-27,4443.59,4445.0,4425.0,2450.0,4480.0,4470.0,4500.0,-31.284749999999974,4416.307610964997,4470.872389035003,4515.0,4320.0,volume_proxy
2021-09-28,4353.31,4375.0,4325.0,1800.0,4385.0,4425.0,4275.0,-71.08701,4303.3722156181275,4403.247784381873,4495.0,4265.0,volume_proxy
2021-09-29,4359.59,4390.0,4350.0,1925.0,4325.0,4250.0,4305.0,-43.2264,4314.176081885633,4405.0039181143675,4380.0,4355.0,volume_proxy
2021-09-30,4306.53,4315.0,4305.0,1950.0,4300.0,4330.0,4360.0,-22.695190000000004,4254.76051354933,4358.299486450669,4315.0,4305.0,volume_proxy
2021-10-01,4354.44,4360.0,4330.0,2100.0,4425.0,4305.0,4440.0,-1.8067500000000027,4323.541033056993,4385.338966943006,4420.0,4195.0,volume_proxy
2021-10-04,4301.19,4325.0,4275.0,1800.0,4350.0,4380.0,4280.0,-76.16958000000001,4247.71134205385,4354.668657946149,4415.0,4185.0,volume_proxy
2021-10-05,4345.2,4360.0,4325.0,4580.0,4580.0,4375.0,4335.0,600287.1381500001,4308.596542753282,4381.803457246718,4465.0,4195.0,volume_proxy
2021-10-06,4363.6,4400.0,4325.0,2050.0,4370.0,4395.0,4385.0,-1.3282700000000025,4314.618961309259,4412.5810386907415,4415.0,4185.0,volume_proxy
2021-10-07,4399.53,4425.0,4350.0,4550.0,4390.0,4395.0,4400.0,20.10483,4362.59774529739,4436.462254702609,4530.0,4260.0,volume_proxy
2021-10-08,4391.8,4410.0,4390.0,2000.0,4380.0,4425.0,4400.0,-27.818329999999996,4365.817720708475,4417.782279291526,4495.0,4305.0,volume_proxy
2021-10-11,4360.75,4425.0,4355.0,1850.0,4360.0,4340.0,4400.0,-19.94216,4315.218238096979,4406.281761903021,4475.0,4305.0,volume_proxy
2021-10-12,4350.4,4410.0,4315.0,1800.0,4450.0,4340.0,4370.0,-8.545040000000009,4314.750278524332,4386.049721475667,4470.0,4315.0,volume_proxy
2021-10-13,4364.85,4425.0,4360.0,2375.0,4380.0,4300.0,4410.0,-20.534319999999997,4332.107798328316,4397.592201671685,4435.0,4245.0,volume_proxy
2021-10-14,4438.12,4475.0,4425.0,4490.0,4460.0,4470.0,4500.0,89.29908999999999,4419.412220061271,4456.827779938729,4485.0,4340.0,volume_proxy
2021-10-15,4471.61,4490.0,4465.0,4660.0,4495.0,4520.0,4375.0,5.856719999999994,4451.900503848469,4491.31949615153,4560.0,4230.0,volume_proxy
2021-10-18,4486.26,4500.0,4470.0,4625.0,4475.0,4515.0,4535.0,10.662660000000008,4458.221065524276,4514.298934475724,4540.0,4380.0,volume_proxy
2021-10-19,4520.22,4540.0,4450.0,2250.0,4525.0,4575.0,4555.0,-14.206660000000003,4500.804519325314,4539.635480674687,4580.0,4380.0,volume_proxy
2021-10-20,4537.22,4560.0,4505.0,4650.0,4565.0,4580.0,4510.0,19.628170000000004,4513.0869576452715,4561.353042354729,4595.0,4440.0,volume_proxy
2021-10-21,4549.51,4600.0,4525.0,4600.0,4565.0,4570.0,4575.0,41.46780999999999,4529.170552162146,4569.849447837854,4610.0,4425.0,volume_proxy
2021-10-22,4544.95,4560.0,4540.0,4610.0,4580.0,4530.0,4565.0,47.48157999999999,4528.189708894323,4561.710291105676,4615.0,4440.0,volume_proxy
2021-10-25,4567.73,4580.0,4565.0,4710.0,4560.0,4625.0,4595.0,6.2694299999999945,4544.630237318446,4590.829762681553,4620.0,4450.0,volume_proxy
2021-10-26,4574.13,4650.0,4550.0,4615.0,4615.0,4600.0,4560.0,55.744110000000006,4549.711312497204,4598.548687502796,4665.0,4485.0,volume_proxy
2021-10-27,4551.68,4560.0,4535.0,2000.0,4600.0,4540.0,4575.0,-6.094300000000011,4521.4387041034215,4581.921295896579,4635.0,4495.0,volume_proxy
2021-10-28,4596.06,4625.0,4595.0,4665.0,4630.0,4650.0,4640.0,35.214669999999984,4573.422074186822,4618.697925813179,4660.0,4595.0,volume_proxy
2021-10-29,4605.45,4650.0,4600.0,4680.0,4635.0,4525.0,4630.0,31.6834,4587.412032702991,4623.487967297008,4660.0,4490.0,volume_proxy
2021-11-01,4613.44,4640.0,4575.0,4700.0,4645.0,4635.0,4620.0,28.922180000000004,4582.303037156157,4644.576962843842,4675.0,4530.0,volume_proxy
2021-11-02,4631.05,4650.0,4630.0,4680.0,4660.0,4620.0,4640.0,51.2444,4601.408902511472,4660.691097488529,4710.0,4505.0,volume_proxy
2021-11-03,4660.64,4700.0,4625.0,4710.0,4665.0,4655.0,4725.0,58.36338999999999,4632.1791213760625,4689.100878623938,4695.0,4520.0,volume_proxy
2021-11-04,4680.71,4710.0,4660.0,4715.0,4655.0,4675.0,4720.0,76.12059,4659.169220787938,4702.250779212062,4755.0,4560.0,volume_proxy
2021-11-05,4697.16,4705.0,4685.0,4755.0,4650.0,4745.0,4735.0,68.225,4679.344266373459,4714.975733626541,4780.0,4605.0,volume_proxy
2021-11-08,4701.65,4705.0,4675.0,4805.0,4720.0,4735.0,4710.0,16.893590000000003,4675.137795445858,4728.162204554142,4775.0,4630.0,volume_proxy
2021-11-09,4685.29,4725.0,4650.0,4770.0,4695.0,4710.0,4670.0,20.526749999999993,4658.033310523902,4712.5466894760975,4770.0,4545.0,volume_proxy
2021-11-10,4646.56,4700.0,4635.0,4850.0,4660.0,4630.0,4550.0,5.749899999999981,4610.407910723888,4682.712089276113,4745.0,4565.0,volume_proxy
2021-11-11,4649.2,4650.0,4640.0,2600.0,4600.0,4725.0,4750.0,-0.693370000000002,4623.056774553702,4675.343225446298,4745.0,4545.0,volume_proxy
2021-11-12,4682.87,4700.0,4680.0,4800.0,4695.0,4685.0,4725.0,14.44841999999999,4665.623229463591,4700.116770536409,4745.0,4570.0,volume_proxy
2021-11-15,4683.33,4685.0,4655.0,2000.0,4680.0,4710.0,4725.0,-20.156239999999983,4658.56879856885,4708.09120143115,4745.0,4605.0,volume_proxy
2021-11-16,4700.25,4740.0,4700.0,1800.0,4715.0,4685.0,4750.0,-10.534460000000017,4679.744431166635,4720.755568833365,4790.0,4590.0,volume_proxy
2021-11-17,4689.12,4690.0,4650.0,4730.0,4685.0,4725.0,4675.0,62.34834000000001,4667.323408400922,4710.916591599078,4755.0,4590.0,volume_proxy
2021-11-18,4704.86,4710.0,4690.0,4790.0,4680.0,4675.0,4740.0,28.203680000000006,4688.12944373738,4721.590556262619,4760.0,4635.0,volume_proxy
2021-11-19,4698.11,4750.0,4685.0,2300.0,4665.0,4675.0,4705.0,-55.75054999999999,4680.179680726753,4716.0403192732465,4780.0,3830.0,volume_proxy
2021-11-22,4682.54,4690.0,4665.0,1800.0,4680.0,4685.0,4625.0,-44.58082999999998,4644.90448502035,4720.17551497965,4685.0,4645.0,volume_proxy
2021-11-23,4691.61,4710.0,4690.0,2450.0,4705.0,4695.0,4775.0,-69.91419,4661.369973711283,4721.850026288716,4765.0,4690.0,volume_proxy
2021-11-24,4701.65,4705.0,4695.0,1900.0,4685.0,4750.0,4680.0,-2.804320000000012,4684.009750843493,4719.290249156506,4755.0,4555.0,volume_proxy
2021-11-26,4594.62,4600.0,4575.0,1900.0,4580.0,4590.0,4625.0,-77.20859,4543.937237739157,4645.302762260842,4710.0,4525.0,volume_proxy
2021-11-29,4653.77,4680.0,4640.0,2500.0,4675.0,4650.0,4630.0,-62.68365000000001,4620.351231014205,4687.188768985796,4660.0,4640.0,volume_proxy
2021-11-30,4568.3,4580.0,4560.0,2400.0,4565.0,4585.0,4400.0,-39.700929999999985,4513.691654639227,4622.908345360774,4580.0,4560.0,volume_proxy
2021-12-01,4511.6,4520.0,4425.0,2250.0,4475.0,4585.0,4580.0,-89.20586000000002,4427.809530323999,4595.390469676002,4520.0,4480.0,volume_proxy
2021-12-02,4575.78,4580.0,4570.0,2400.0,2400.0,4560.0,4590.0,740.9710799999999,4520.726255439484,4630.833744560516,4580.0,4570.0,volume_proxy
2021-12-03,4538.62,4675.0,4510.0,1400.0,4450.0,4400.0,4480.0,-59.04327999999999,4486.512168055712,4590.727831944288,4665.0,4415.0,volume_proxy
2021-12-06,4590.38,4625.0,4575.0,1850.0,4600.0,4550.0,4685.0,-1.2329300000000014,4532.299410500137,4648.460589499863,4675.0,4475.0,volume_proxy
2021-12-07,4686.84,4750.0,4685.0,4760.0,4735.0,4725.0,4760.0,42.822089999999996,4653.84509971027,4719.83490028973,4775.0,4530.0,volume_proxy
2021-12-08,4701.09,4705.0,4700.0,4925.0,4765.0,4800.0,4660.0,6.284169999999991,4667.361039703617,4734.818960296383,4755.0,4595.0,volume_proxy
2021-12-09,4667.03,4670.0,4650.0,1800.0,4570.0,4725.0,4750.0,-10.789099999999998,4629.838130172016,4704.221869827984,4670.0,4570.0,volume_proxy
2021-12-10,4711.65,4720.0,4700.0,4780.0,4725.0,4750.0,4690.0,26.54019,4689.9698019650905,4733.330198034909,4760.0,4565.0,volume_proxy
2021-12-13,4668.46,4675.0,4550.0,4815.0,4665.0,4660.0,4720.0,9.278759999999998,4621.009330830285,4715.910669169715,4770.0,4590.0,volume_proxy
2021-12-14,4634.76,4725.0,4570.0,1950.0,4750.0,4610.0,4670.0,-14.05859000000001,4584.473849694185,4685.046150305815,4665.0,4585.0,volume_proxy
2021-12-15,4708.37,4720.0,4705.0,2400.0,4730.0,4725.0,4775.0,-1.1148399999999947,4672.140379507779,4744.599620492221,4735.0,4705.0,volume_proxy
2021-12-16,4667.58,4695.0,4665.0,1300.0,4600.0,4645.0,4635.0,-8.649720000000013,4632.544866969034,4702.615133030966,4685.0,4665.0,volume_proxy
2021-12-17,4620.26,4650.0,4575.0,2300.0,4595.0,4605.0,4725.0,-43.69595000000001,4582.759788673105,4657.760211326896,4685.0,4595.0,volume_proxy
2021-12-20,4567.88,4620.0,4550.0,1800.0,4450.0,4520.0,4630.0,-10.335489999999998,4510.036617053669,4625.723382946331,4635.0,4455.0,volume_proxy
2021-12-21,4648.98,4700.0,4645.0,4740.0,4650.0,4725.0,4605.0,34.69036,4609.990321862604,4687.969678137395,4745.0,4645.0,volume_proxy
2021-12-22,4696.4,4705.0,4685.0,4755.0,4725.0,4735.0,4740.0,51.70548,4668.021030787739,4724.778969212261,4705.0,4685.0,volume_proxy
2021-12-23,4725.38,4745.0,4725.0,2150.0,4770.0,4735.0,4765.0,-0.5315099999999937,4704.331686401096,4746.428313598904,4800.0,4600.0,volume_proxy
2021-12-27,4791.49,4830.0,4750.0,4970.0,4800.0,4840.0,4815.0,8.33146,4763.526450213998,4819.4535497860015,4825.0,4670.0,volume_proxy
2021-12-28,4787.26,4825.0,4745.0,2300.0,4755.0,4775.0,4850.0,-4.314179999999993,4761.350696457377,4813.169303542623,4870.0,4755.0,volume_proxy
2021-12-29,4792.94,4800.0,4790.0,4830.0,4775.0,4850.0,4820.0,78.83701,4766.418746355882,4819.461253644117,4855.0,4705.0,volume_proxy
2021-12-30,4779.28,4800.0,4750.0,4860.0,4775.0,4785.0,4715.0,37.68337999999999,4752.7966993056725,4805.763300694327,4785.0,4715.0,volume_proxy
2021-12-31,4766.39,4780.0,4725.0,4865.0,4765.0,4740.0,4810.0,29.926049999999982,4743.977514237003,4788.802485762998,4880.0,4680.0,volume_proxy
2022-01-03,4795.57,4800.0,4790.0,4795.0,4795.0,4805.0,4785.0,5569.658680000002,4767.236743052088,4823.903256947911,4800.0,4790.0,volume_proxy
2022-01-04,4793.19,4800.0,4780.0,2000.0,4750.0,4785.0,4790.0,-299.70663,4767.434297181287,4818.945702818713,4800.0,4780.0,volume_proxy
2022-01-05,4700.64,4775.0,4700.0,1850.0,4695.0,4650.0,4690.0,-3845.3792299999996,4654.105922709698,4747.174077290303,4710.0,4700.0,volume_proxy
2022-01-06,4696.25,4700.0,4650.0,1800.0,4675.0,4685.0,4670.0,-172.97171000000003,4659.492384116013,4733.007615883987,4700.0,4650.0,volume_proxy
2022-01-07,4676.41,4680.0,4675.0,2050.0,4670.0,4650.0,4700.0,-1422.27271,4650.758911841721,4702.061088158279,4680.0,4675.0,volume_proxy
2022-01-10,4669.85,4670.0,4600.0,4640.0,4650.0,4675.0,4660.0,1009.2779500000001,4624.3164478210065,4715.383552178994,4670.0,4665.0,volume_proxy
2022-01-11,4713.53,4750.0,4700.0,4725.0,4725.0,4720.0,4775.0,470.08524,4677.070643050391,4749.989356949609,4720.0,4700.0,volume_proxy
2022-01-12,4726.55,4730.0,4720.0,2200.0,4715.0,4750.0,4700.0,-625.2695600000001,4687.363824860855,4765.736175139145,4730.0,4720.0,volume_proxy
2022-01-13,4660.64,4700.0,4650.0,2850.0,4600.0,4640.0,4660.0,-386.38815999999997,4613.547727137615,4707.732272862386,4700.0,4650.0,volume_proxy
2022-01-14,4662.21,4665.0,4660.0,4650.0,4650.0,4670.0,4655.0,1726.9609600000001,4631.639638828203,4692.780361171797,4665.0,4660.0,volume_proxy
2022-01-17,4662.85,4700.0,4625.0,1950.0,4600.0,4675.0,4500.0,-51.249099999999984,4612.373634685607,4713.326365314394,4675.0,4600.0,volume_proxy
2022-01-18,4578.88,4580.0,4575.0,1900.0,4570.0,4550.0,4590.0,-862.0843600000001,4525.212420508991,4632.547579491009,4580.0,4575.0,volume_proxy
2022-01-19,4533.57,4600.0,4530.0,2000.0,4550.0,4535.0,4525.0,-2719.804870000001,4482.553975833054,4584.586024166945,4535.0,4530.0,volume_proxy
2022-01-20,4482.27,4550.0,4450.0,1850.0,4445.0,4400.0,4425.0,-292.80029,4447.120854864519,4517.419145135482,4550.0,4450.0,volume_proxy
2022-01-21,4398.16,4600.0,4395.0,1000.0,4400.0,4390.0,4375.0,-817.5377000000001,4342.445013894968,4453.874986105032,4405.0,4395.0,volume_proxy
2022-01-24,4411.87,4420.0,4400.0,4400.0,4410.0,4415.0,4430.0,734.6659299999999,4310.8607526175865,4512.879247382413,4420.0,4400.0,volume_proxy
2022-01-25,4358.03,4400.0,4350.0,2300.0,4360.0,4330.0,4600.0,-148.57936999999995,4265.533950981749,4450.526049018251,4400.0,4330.0,volume_proxy
2022-01-26,4347.26,4350.0,4340.0,1600.0,4330.0,4335.0,4360.0,-204.97715,4259.071556642696,4435.448443357304,4350.0,4340.0,volume_proxy
2022-01-27,4325.89,4400.0,4300.0,2600.0,4200.0,4500.0,4250.0,-115.59308999999999,4248.0229285635805,4403.75707143642,4400.0,4300.0,volume_proxy
2022-01-28,4431.8,4435.0,4425.0,4430.0,4430.0,4440.0,4380.0,937.6773400000003,4381.772849068188,4481.827150931812,4435.0,4425.0,volume_proxy
2022-01-31,4516.89,4520.0,4450.0,4530.0,4470.0,4525.0,4460.0,192.27272,4459.55999712306,4574.22000287694,4520.0,4510.0,volume_proxy
2022-02-01,4544.95,4550.0,4500.0,4560.0,4600.0,4575.0,4530.0,237.63809000000003,4502.436579667205,4587.463420332795,4550.0,4500.0,volume_proxy
2022-02-02,4587.73,4590.0,4580.0,4585.0,4585.0,4575.0,4600.0,1744.1665500000001,4551.329027005207,4624.1309729947925,4590.0,4580.0,volume_proxy
2022-02-03,4476.32,4550.0,4450.0,1600.0,4400.0,4500.0,4700.0,-201.92635,4412.344002120381,4540.295997879618,4550.0,4450.0,volume_proxy
2022-02-04,4501.41,4505.0,4500.0,1700.0,4510.0,4450.0,4550.0,-276.6979600000002,4464.529903336365,4538.290096663634,4505.0,4500.0,volume_proxy
2022-02-07,4483.51,4485.0,4480.0,1700.0,4490.0,4475.0,4470.0,-769.9216299999999,4430.1439856561,4536.8760143439,4485.0,4480.0,volume_proxy
2022-02-08,4521.73,4550.0,4500.0,4545.0,4530.0,4525.0,4520.0,247.16005000000004,4479.366841412014,4564.093158587985,4550.0,4500.0,volume_proxy
2022-02-09,4586.85,4590.0,4580.0,2600.0,4600.0,4595.0,4575.0,-176.8394199999999,4536.482658569343,4637.217341430658,4590.0,4580.0,volume_proxy
2022-02-10,4503.3,4550.0,4500.0,2100.0,4450.0,4600.0,4400.0,-312.49852999999996,4447.614791933064,4558.985208066936,4600.0,4500.0,volume_proxy
2022-02-11,4417.74,4420.0,4415.0,2400.0,4410.0,4400.0,4440.0,-974.4712399999999,4359.444896032749,4476.0351039672505,4420.0,4415.0,volume_proxy
2022-02-14,4401.1,4405.0,4355.0,2200.0,4400.0,4350.0,4390.0,-1479.2384699999998,4331.567395317675,4470.632604682326,4405.0,4355.0,volume_proxy
2022-02-15,4470.7,4500.0,4450.0,2650.0,4400.0,4440.0,4470.0,-173.45595000000003,4434.520706737241,4506.879293262758,4500.0,4450.0,volume_proxy
2022-02-16,4475.12,4480.0,4475.0,4470.0,4470.0,4500.0,4460.0,691.5228600000002,4432.192754397452,4518.047245602548,4480.0,4475.0,volume_proxy
2022-02-17,4380.05,4400.0,4350.0,1800.0,4300.0,4450.0,4500.0,-241.04775999999998,4337.909163752946,4422.190836247054,4450.0,4350.0,volume_proxy
2022-02-18,4347.21,4400.0,4290.0,1800.0,4350.0,4300.0,4335.0,-529.8162100000001,4296.348120054128,4398.071879945872,4450.0,4290.0,volume_proxy
2022-02-21,4348.87,4400.0,4300.0,1900.0,4250.0,4500.0,4200.0,-84.76751000000002,4265.104742724494,4432.635257275506,4400.0,4300.0,volume_proxy
2022-02-22,4304.93,4305.0,4300.0,1450.0,4295.0,4310.0,4400.0,-1801.14612,4242.554715195324,4367.305284804676,4305.0,4300.0,volume_proxy
2022-02-23,4226.79,4230.0,4225.0,1400.0,4220.0,4240.0,4235.0,-1919.76028,4155.373007212432,4298.206992787568,4230.0,4225.0,volume_proxy
2022-02-24,4287.65,4300.0,4200.0,4400.0,4350.0,4100.0,4400.0,56.452800000000025,4235.06490032157,4340.235099678429,4300.0,4200.0,volume_proxy
2022-02-25,4385.34,4390.0,4365.0,4385.0,4385.0,4400.0,4360.0,894.35328,4337.761384363087,4432.918615636913,4390.0,4365.0,volume_proxy
2022-02-28,4373.39,4375.0,4265.0,4355.0,4350.0,4360.0,4370.0,448.58475999999985,4302.007175065354,4444.772824934646,4375.0,4265.0,volume_proxy
2022-03-01,4305.46,4400.0,4300.0,4600.0,4450.0,4250.0,4200.0,12.829750000000018,4228.221043276422,4382.698956723578,4350.0,4300.0,volume_proxy
2022-03-02,4385.62,4390.0,4365.0,4390.0,4380.0,4385.0,4375.0,256.7680300000002,4317.420458803995,4453.819541196005,4390.0,4365.0,volume_proxy
2022-03-03,4363.46,4400.0,4200.0,1600.0,4215.0,4210.0,4300.0,-218.24863000000005,4296.171299336609,4430.748700663391,4400.0,4200.0,volume_proxy
2022-03-04,4329.36,4330.0,4325.0,4330.0,4335.0,4340.0,4315.0,328.33226,4277.415614741545,4381.304385258454,4330.0,4325.0,volume_proxy
2022-03-07,4200.22,4205.0,4200.0,1300.0,4195.0,4190.0,4185.0,-2601.43492,4118.341614160265,4282.098385839736,4205.0,4200.0,volume_proxy
2022-03-08,4171.57,4200.0,4100.0,2000.0,4150.0,4300.0,4000.0,-136.74072999999999,4100.480301739842,4242.659698260158,4250.0,4100.0,volume_proxy
2022-03-09,4277.55,4280.0,4190.0,1450.0,4275.0,4270.0,4185.0,-2.8861099999999738,4200.55171301133,4354.54828698867,4280.0,4190.0,volume_proxy
2022-03-10,4259.19,4300.0,4200.0,1450.0,4150.0,4400.0,4350.0,-24.158999999999992,4203.881864844576,4314.498135155423,4300.0,4200.0,volume_proxy
2022-03-11,4203.01,4300.0,4160.0,1950.0,4155.0,4150.0,4100.0,-773.8448599999999,4150.00542221831,4256.014577781691,4205.0,4160.0,volume_proxy
2022-03-14,4172.27,4175.0,4165.0,1900.0,4160.0,4170.0,4150.0,-560.47587,4088.1071200767165,4256.432879923284,4175.0,4165.0,volume_proxy
2022-03-15,4262.67,4300.0,4200.0,1400.0,4100.0,4225.0,4150.0,-67.65488999999998,4191.195898453053,4334.144101546947,4300.0,4200.0,volume_proxy
2022-03-16,4358.13,4360.0,4300.0,4350.0,4350.0,4365.0,4400.0,1308.60626,4302.545990852963,4413.714009147037,4360.0,4350.0,volume_proxy
2022-03-17,4409.98,4425.0,4375.0,2200.0,4410.0,4400.0,4450.0,-4137.7444399999995,4379.888419358847,4440.071580641152,4425.0,4375.0,volume_proxy
2022-03-18,4463.56,4500.0,4400.0,4500.0,4450.0,4550.0,4600.0,127.50163,4426.749601698628,4500.370398301373,4505.0,4120.0,volume_proxy
2022-03-21,4461.5,4465.0,4440.0,4470.0,4450.0,4445.0,4430.0,220.17318999999995,4413.955095845957,4509.044904154043,4465.0,4440.0,volume_proxy
2022-03-22,4512.2,4550.0,4500.0,4550.0,4600.0,4525.0,4520.0,208.71021000000002,4470.835700046465,4553.564299953535,4550.0,4510.0,volume_proxy
2022-03-23,4455.84,4460.0,4455.0,2300.0,4450.0,4470.0,4445.0,-1480.0493199999999,4404.775192270344,4506.904807729657,4460.0,4455.0,volume_proxy
2022-03-24,4520.55,4550.0,4450.0,4520.0,4510.0,4500.0,4530.0,339.62651999999997,4483.026136046947,4558.073863953054,4525.0,4500.0,volume_proxy
2022-03-25,4543.05,4545.0,4540.0,4545.0,4550.0,4535.0,4555.0,621.6957,4515.073960900839,4571.026039099162,4545.0,4540.0,volume_proxy
2022-03-28,4575.45,4600.0,4540.0,1700.0,4575.0,4530.0,4520.0,-18.57019999999994,4537.886912925496,4613.013087074503,4580.0,4540.0,volume_proxy
2022-03-29,4631.25,4650.0,4600.0,4665.0,4675.0,4625.0,4590.0,155.23177,4607.864015179263,4654.635984820737,4650.0,4600.0,volume_proxy
2022-03-30,4602.66,4650.0,4550.0,1800.0,4545.0,4540.0,4525.0,-2451.91367,4566.072430149737,4639.247569850263,4605.0,4550.0,volume_proxy
2022-03-31,4532.3,4600.0,4530.0,1500.0,4525.0,4520.0,4500.0,-1092.9882300000002,4484.630146177174,4579.969853822827,4600.0,4530.0,volume_proxy
2022-04-01,4545.81,4550.0,4545.0,4545.0,4540.0,4555.0,4500.0,1924.52648,4523.0487458627895,4568.571254137211,4550.0,4545.0,volume_proxy
2022-04-04,4582.84,4585.0,4580.0,4585.0,4590.0,4600.0,4575.0,1158.531,4549.175651038888,4616.504348961113,4585.0,4580.0,volume_proxy
2022-04-05,4525.68,4550.0,4500.0,2500.0,4530.0,4525.0,4520.0,-251.52439,4487.011676423196,4564.348323576804,4550.0,4500.0,volume_proxy
2022-04-06,4480.6,4485.0,4480.0,2400.0,4475.0,4490.0,4500.0,-781.84452,4441.807385502393,4519.392614497608,4485.0,4480.0,volume_proxy
2022-04-07,4499.16,4500.0,4450.0,4550.0,4550.0,4525.0,4520.0,57.82869999999999,4459.702206380692,4538.617793619308,4500.0,4450.0,volume_proxy
2022-04-08,4489.03,4490.0,4485.0,2000.0,4480.0,4500.0,4475.0,-748.6733099999999,4460.862054129578,4517.197945870422,4490.0,4485.0,volume_proxy
2022-04-11,4413.39,4415.0,4410.0,1850.0,4420.0,4400.0,4405.0,-1102.1955800000003,4358.744282554688,4468.035717445313,4415.0,4410.0,volume_proxy
2022-04-12,4398.02,4450.0,4350.0,2650.0,4400.0,4300.0,4380.0,-159.41764999999998,4355.538658066377,4440.501341933624,4450.0,4380.0,volume_proxy
2022-04-13,4446.84,4450.0,4440.0,2200.0,4400.0,4435.0,4455.0,-264.0106800000001,4425.659779785935,4468.020220214065,4450.0,4440.0,volume_proxy
2022-04-14,4392.44,4400.0,4390.0,2000.0,4450.0,4380.0,4350.0,-103.67710000000001,4363.995475243671,4420.884524756329,4400.0,4390.0,volume_proxy
2022-04-15,4392.59,4500.0,4350.0,2950.0,4400.0,4375.0,4495.0,-118.51706000000001,4359.408660818752,4425.771339181249,,,volume_proxy
2022-04-18,4392.04,4395.0,4390.0,2400.0,4385.0,4380.0,4375.0,-341.4870400000001,4346.347534311924,4437.7324656880755,4395.0,4390.0,volume_proxy
2022-04-19,4464.5,4500.0,4420.0,4535.0,4400.0,4450.0,4460.0,32.20920000000001,4429.559107049583,4499.440892950417,4500.0,4420.0,volume_proxy
2022-04-20,4459.55,4460.0,4445.0,2300.0,4440.0,4465.0,4455.0,-254.20677000000006,4411.187314573034,4507.912685426966,4460.0,4445.0,volume_proxy
2022-04-21,4395.28,4400.0,4375.0,2700.0,4350.0,4380.0,4365.0,-224.75611999999998,4362.706850649344,4427.853149350655,4450.0,4380.0,volume_proxy
2022-04-22,4272.45,4275.0,4270.0,1700.0,4280.0,4300.0,4265.0,-1400.5388599999999,4227.24002202521,4317.659977974789,4275.0,4270.0,volume_proxy
2022-04-25,4297.32,4300.0,4290.0,4300.0,4305.0,4310.0,4200.0,656.79871,4239.4607140346825,4355.179285965317,4300.0,4290.0,volume_proxy
2022-04-26,4176.07,4180.0,4175.0,1700.0,4170.0,4150.0,4160.0,-421.5999500000001,4104.30645147059,4247.833548529409,4180.0,4175.0,volume_proxy
2022-04-27,4183.21,4190.0,4175.0,2100.0,4170.0,4100.0,4165.0,-678.20717,4105.18116235189,4261.23883764811,4190.0,4175.0,volume_proxy
2022-04-28,4289.99,4300.0,4200.0,1500.0,4400.0,4235.0,4150.0,-31.82088999999999,4235.108854925595,4344.871145074405,4300.0,4200.0,volume_proxy
2022-04-29,4132.17,4135.0,4130.0,2100.0,4125.0,4150.0,4140.0,-912.6218100000001,4072.819787144274,4191.520212855727,4135.0,4130.0,volume_proxy
2022-05-02,4155.6,4160.0,4150.0,4160.0,4155.0,4165.0,4385.0,169.44591000000003,4087.5638473777913,4223.636152622209,4160.0,4150.0,volume_proxy
2022-05-03,4174.44,4180.0,4140.0,4180.0,4170.0,4160.0,4150.0,99.6543,4096.219745195806,4252.660254804193,4180.0,4140.0,volume_proxy
2022-05-04,4299.96,4300.0,4295.0,4270.0,4305.0,4310.0,4275.0,627.43692,4236.2048528345895,4363.715147165411,4300.0,4295.0,volume_proxy
2022-05-05,4150.2,4200.0,4150.0,1600.0,4100.0,4050.0,4000.0,-70.85066,4064.9463669178945,4235.453633082106,4200.0,4100.0,volume_proxy
2022-05-06,4123.82,4125.0,4120.0,2000.0,4130.0,4100.0,4135.0,-12.440980000000007,4070.687965186757,4176.952034813243,4125.0,4120.0,volume_proxy
2022-05-09,3993.26,4000.0,3990.0,1700.0,3980.0,3985.0,4010.0,-452.22113999999993,3916.5128233344694,4070.007176665531,3995.0,3990.0,volume_proxy
2022-05-10,4000.99,4005.0,4000.0,2100.0,3995.0,3950.0,4010.0,-457.4509299999999,3916.618791851499,4085.3612081485007,4005.0,4000.0,volume_proxy
2022-05-12,3930.78,4000.0,3900.0,2400.0,3800.0,3850.0,4050.0,-40.08637,3857.7246532099703,4003.83534679003,3950.0,3900.0,volume_proxy
2022-05-13,4023.56,4025.0,3900.0,1700.0,3895.0,3890.0,4050.0,-4339.18464,3975.0894897280427,4072.030510271957,4025.0,3900.0,volume_proxy
2022-05-16,4009.25,4010.0,3980.0,1900.0,3975.0,4100.0,3900.0,-48.156079999999996,3951.5554196256844,4066.9445803743156,4010.0,3980.0,volume_proxy
2022-05-17,4089.22,4090.0,4085.0,4090.0,4100.0,4095.0,4080.0,1887.45029,4033.035595311241,4145.404404688758,4090.0,4085.0,volume_proxy
2022-05-18,3925.31,3930.0,3925.0,2225.0,3920.0,3915.0,3940.0,-1314.0128300000003,3877.798058445768,3972.8219415542317,3930.0,3925.0,volume_proxy
2022-05-19,3900.14,3905.0,3900.0,1600.0,3895.0,3850.0,3910.0,-1754.41927,3860.6423341588047,3939.637665841195,3905.0,3900.0,volume_proxy
2022-05-20,3902.18,3950.0,3900.0,1400.0,3925.0,3800.0,3975.0,-7.706740000000005,3853.291235961949,3951.0687640380506,3950.0,3900.0,volume_proxy
2022-05-23,3972.82,3975.0,3925.0,1400.0,3970.0,3960.0,3920.0,-982.9707400000003,3922.214089003478,4023.4259109965224,3975.0,3925.0,volume_proxy
2022-05-24,3943.8,3950.0,3890.0,1600.0,3880.0,3875.0,3870.0,-145.27442,3883.1654559182857,4004.4345440817146,3945.0,3890.0,volume_proxy
2022-05-25,3978.39,3980.0,3975.0,3980.0,4000.0,3990.0,3970.0,293.00524999999993,3919.772401465164,4037.007598534836,3980.0,3975.0,volume_proxy
2022-05-26,4059.94,4060.0,4055.0,4060.0,4075.0,4100.0,4065.0,1487.3184199999998,4008.896979830809,4110.983020169191,4060.0,4055.0,volume_proxy
2022-05-27,4158.34,4160.0,4125.0,2000.0,4120.0,4115.0,4110.0,-2275.91212,4123.432436687544,4193.247563312456,4160.0,4125.0,volume_proxy
2022-05-30,4158.24,4225.0,4125.0,4350.0,4130.0,4200.0,4350.0,16.691420000000008,4100.650192309915,4215.829807690085,4215.0,4150.0,volume_proxy
2022-05-31,4133.72,4135.0,4130.0,1500.0,4125.0,4120.0,4150.0,-74.15161,4080.917413610861,4186.522586389139,4135.0,4130.0,volume_proxy
2022-06-01,4101.0,4105.0,4100.0,2400.0,4110.0,4200.0,4150.0,-586.0886999999998,4050.4146957651333,4151.585304234867,4105.0,4100.0,volume_proxy
2022-06-02,4176.82,4180.0,4150.0,4140.0,4175.0,4160.0,4200.0,2298.26042,4125.220531399503,4228.419468600497,4180.0,4150.0,volume_proxy
2022-06-03,4107.84,4110.0,4090.0,2200.0,4085.0,4080.0,4115.0,-1112.8940499999999,4071.828329061184,4143.851670938817,4110.0,4090.0,volume_proxy
2022-06-06,4120.92,4125.0,4065.0,4180.0,4120.0,4115.0,4060.0,63.132760000000005,4074.6928769183573,4167.147123081642,4125.0,4065.0,volume_proxy
2022-06-07,4160.15,4165.0,4140.0,4150.0,4160.0,4150.0,4145.0,2056.25876,4129.886754925346,4190.413245074653,4165.0,4140.0,volume_proxy
2022-06-08,4115.98,4120.0,4095.0,1800.0,4115.0,4090.0,4085.0,-165.28954000000004,4071.7204996795094,4160.239500320489,4120.0,4095.0,volume_proxy
2022-06-09,4017.26,4100.0,4000.0,2000.0,4005.0,4050.0,3950.0,-136.78544999999997,3950.185494638197,4084.3345053618036,4020.0,4000.0,volume_proxy
2022-06-10,3900.16,3905.0,3900.0,1900.0,3895.0,3890.0,3880.0,-9138.795979999995,3854.9867622255942,3945.3332377744055,3905.0,3900.0,volume_proxy
2022-06-13,3750.95,3755.0,3750.0,1900.0,3745.0,3740.0,3700.0,-1267.1906500000002,3672.47533043952,3829.4246695604797,3755.0,3750.0,volume_proxy
2022-06-14,3736.97,3740.0,3735.0,1300.0,3730.0,3700.0,3725.0,-93.03658000000006,3649.2149849579487,3824.725015042051,3740.0,3735.0,volume_proxy
2022-06-15,3790.26,3800.0,3755.0,1300.0,3750.0,3790.0,3775.0,-113.37557000000007,3707.3289278571265,3873.191072142874,3800.0,3755.0,volume_proxy
2022-06-16,3668.12,3700.0,3620.0,1500.0,3625.0,3615.0,3550.0,-311.37506,3614.698963585031,3721.541036414969,3700.0,3620.0,volume_proxy
2022-06-20,3674.84,3675.0,3650.0,2000.0,3600.0,3620.0,4000.0,-39.41358000000001,3606.3955746518236,3743.2844253481767,3700.0,3650.0,volume_proxy
2022-06-21,3764.46,3765.0,3735.0,1700.0,3730.0,3800.0,3675.0,-105.06897000000001,3727.4141938465254,3801.5058061534746,3765.0,3735.0,volume_proxy
2022-06-22,3759.31,3765.0,3750.0,3985.0,3755.0,3770.0,3760.0,9.433749999999996,3718.7993668161103,3799.8206331838896,3765.0,3750.0,volume_proxy
2022-06-23,3795.96,3800.0,3795.0,3785.0,3790.0,3805.0,3785.0,642.57354,3746.8572868475208,3845.0627131524793,3800.0,3795.0,volume_proxy
2022-06-27,3900.55,3950.0,3875.0,2100.0,3870.0,3865.0,3850.0,-847.13371,3849.9997619545666,3951.100238045434,3910.0,3875.0,volume_proxy
2022-06-28,3821.8,3825.0,3820.0,2250.0,3815.0,3810.0,3800.0,-527.5753200000001,3767.889883717778,3875.7101162822223,3825.0,3820.0,volume_proxy
2022-06-29,3818.39,3820.0,3810.0,3850.0,3825.0,3850.0,3815.0,94.94305000000003,3758.6577048837685,3878.1222951162313,3820.0,3810.0,volume_proxy
2022-06-30,3789.1,3800.0,3580.0,1600.0,3725.0,3750.0,3700.0,-49.417839999999984,3735.475710468326,3842.724289531674,3800.0,3725.0,volume_proxy
2022-07-01,3826.19,3830.0,3800.0,1400.0,3795.0,3835.0,3790.0,-106.07825,3792.367842093181,3860.012157906819,3830.0,3800.0,volume_proxy
2022-07-04,3825.33,3850.0,3800.0,4000.0,3925.0,3825.0,3700.0,15.498949999999997,3776.9931979297626,3873.6668020702373,3850.0,3800.0,volume_proxy
2022-07-05,3831.7,3835.0,3825.0,3850.0,3850.0,3840.0,3830.0,37.42902999999998,3780.667414970052,3882.7325850299476,3835.0,3825.0,volume_proxy
2022-07-06,3844.89,3845.0,3805.0,2600.0,3800.0,3840.0,3850.0,-317.86043,3798.4628763465776,3891.317123653422,3845.0,3805.0,volume_proxy
2022-07-07,3901.37,3905.0,3900.0,3900.0,3910.0,3925.0,3920.0,500.38964,3867.4767957993686,3935.263204200631,3905.0,3900.0,volume_proxy
2022-07-08,3899.18,3900.0,3845.0,3900.0,3890.0,3895.0,3840.0,103.78837000000003,3869.7356728791765,3928.624327120823,3900.0,3845.0,volume_proxy
2022-07-11,3854.79,3860.0,3850.0,2300.0,3855.0,3845.0,3865.0,-1252.15222,3815.140889835602,3894.439110164398,3860.0,3850.0,volume_proxy
2022-07-12,3819.38,3820.0,3815.0,2500.0,3825.0,3830.0,3810.0,-2619.9636499999997,3753.831392385949,3884.928607614051,3820.0,3815.0,volume_proxy
2022-07-13,3801.03,3805.0,3800.0,1400.0,3725.0,3810.0,3815.0,-1274.587,3757.852552200103,3844.207447799897,3805.0,3800.0,volume_proxy
2022-07-14,3790.23,3800.0,3775.0,3790.0,3790.0,3795.0,3760.0,899.8260000000002,3765.5730433626995,3814.8869566373005,3800.0,3775.0,volume_proxy
2022-07-15,3863.62,3900.0,3850.0,3950.0,3800.0,3950.0,3875.0,43.49631000000002,3834.227588390948,3893.012411609052,3915.0,3695.0,volume_proxy
2022-07-18,3829.89,3830.0,3800.0,2100.0,3825.0,3755.0,3900.0,-39.76193000000001,3787.194148323545,3872.5858516764547,3830.0,3800.0,volume_proxy
2022-07-19,3934.27,3935.0,3880.0,3925.0,3930.0,3925.0,3920.0,1868.8886999999997,3889.84420899055,3978.6957910094497,3935.0,3880.0,volume_proxy
2022-07-20,3960.2,3965.0,3960.0,3960.0,3970.0,3955.0,3975.0,2037.39258,3927.855077226854,3992.5449227731456,3965.0,3960.0,volume_proxy
2022-07-21,3998.69,4000.0,3995.0,4000.0,4005.0,4010.0,3950.0,5757.36258,3965.714583545775,4031.665416454225,4000.0,3995.0,volume_proxy
2022-07-22,3962.25,3965.0,3960.0,1500.0,3950.0,3970.0,3955.0,-113.32516000000017,3935.778853474585,3988.721146525415,3965.0,3960.0,volume_proxy
2022-07-25,3966.58,3970.0,3965.0,3970.0,3975.0,3960.0,3950.0,772.62202,3939.5764352779934,3993.5835647220065,3970.0,3965.0,volume_proxy
2022-07-26,3920.29,3925.0,3920.0,2550.0,3915.0,3910.0,3900.0,-4953.748560000001,3857.468337744782,3983.111662255218,3925.0,3920.0,volume_proxy
2022-07-27,4022.98,4025.0,4010.0,4020.0,4020.0,4030.0,4050.0,745.8427300000001,3987.5652744014587,4058.3947255985413,4025.0,4010.0,volume_proxy
2022-07-28,4072.0,4075.0,4030.0,4060.0,4065.0,4060.0,4050.0,992.7813899999999,4026.8282563443536,4117.171743655646,4075.0,4030.0,volume_proxy
2022-07-29,4130.48,4135.0,4130.0,4130.0,4125.0,4140.0,4150.0,1618.4113499999999,4102.58571111073,4158.374288889269,4135.0,4130.0,volume_proxy
2022-08-01,4118.53,4120.0,4115.0,4120.0,4125.0,4110.0,4130.0,586.88497,4078.2618514261776,4158.798148573822,4120.0,4115.0,volume_proxy
2022-08-02,4091.79,4095.0,4090.0,2400.0,4085.0,4080.0,4100.0,-977.3568099999999,4048.3164443339842,4135.263555666015,4095.0,4090.0,volume_proxy
2022-08-03,4154.87,4155.0,4150.0,1800.0,4160.0,4165.0,4170.0,-713.4703200000001,4117.546987092335,4192.1930129076645,4155.0,4150.0,volume_proxy
2022-08-04,4151.94,4160.0,4110.0,1800.0,4100.0,4105.0,4200.0,-49.491810000000015,4111.366115277325,4192.513884722674,4160.0,4110.0,volume_proxy
2022-08-05,4145.76,4150.0,4125.0,4145.0,4145.0,4120.0,4115.0,1344.4272399999998,4119.731654814265,4171.788345185735,4150.0,4125.0,volume_proxy
2022-08-08,4140.0,4140.0,4140.0,2750.0,4145.0,4135.0,4130.0,-6741.741859999999,4103.840705813916,4176.159294186084,4140.0,4140.0,volume_proxy
2022-08-09,4122.84,4125.0,4120.0,2100.0,4130.0,4115.0,4110.0,-623.3482000000007,4064.962621895864,4180.7173781041365,4125.0,4120.0,volume_proxy
2022-08-10,4209.93,4210.0,4165.0,2800.0,4160.0,4250.0,4150.0,-460.6987000000001,4174.576099707549,4245.283900292452,4210.0,4165.0,volume_proxy
2022-08-11,4207.05,4210.0,4205.0,2000.0,4200.0,4215.0,4220.0,-3482.68754,4168.506926923352,4245.593073076649,4210.0,4205.0,volume_proxy
2022-08-12,4279.31,4280.0,4250.0,4265.0,4275.0,4270.0,4260.0,3477.2013,4253.559211932073,4305.060788067928,4280.0,4250.0,volume_proxy
2022-08-15,4296.09,4300.0,4275.0,4290.0,4295.0,4290.0,4280.0,2277.92389,4271.150255266982,4321.029744733019,4300.0,4275.0,volume_proxy
2022-08-16,4305.35,4310.0,4305.0,4320.0,4315.0,4300.0,4320.0,673.6251100000001,4271.333290424179,4339.366709575822,4310.0,4305.0,volume_proxy
2022-08-17,4273.51,4275.0,4270.0,4275.0,4280.0,4300.0,4290.0,967.2729699999998,4244.834195431352,4302.185804568649,4275.0,4270.0,volume_proxy
2022-08-18,4284.22,4285.0,4280.0,4285.0,4290.0,4300.0,4295.0,6118.035490000001,4258.974029336016,4309.465970663984,4285.0,4280.0,volume_proxy
2022-08-19,4228.6,4300.0,4225.0,2100.0,4200.0,4220.0,4210.0,-236.97064999999995,4200.979393572989,4256.220606427012,4300.0,4225.0,volume_proxy
2022-08-22,4139.21,4140.0,4125.0,1600.0,4135.0,4120.0,4115.0,-282.9712199999999,4096.359048201972,4182.060951798028,4140.0,4125.0,volume_proxy
2022-08-23,4127.77,4130.0,4125.0,1625.0,4120.0,4135.0,4140.0,-429.63668999999993,4087.294497791804,4168.245502208197,4130.0,4125.0,volume_proxy
2022-08-24,4140.17,4145.0,4130.0,4190.0,4140.0,4135.0,4125.0,74.69886999999974,4103.3037402535065,4177.036259746494,4145.0,4130.0,volume_proxy
2022-08-25,4199.73,4200.0,4175.0,4200.0,4205.0,4210.0,4195.0,6268.49376,4143.040485466735,4256.419514533264,4200.0,4175.0,volume_proxy
2022-08-26,4058.29,4060.0,4055.0,1550.0,4065.0,4050.0,4045.0,-1522.27394,4024.338635460934,4092.241364539066,4060.0,4055.0,volume_proxy
2022-08-29,4030.95,4035.0,4030.0,2150.0,4025.0,4020.0,4040.0,-3071.2235800000008,3985.7867248273533,4076.1132751726464,4035.0,4030.0,volume_proxy
2022-08-30,3986.3,3990.0,3985.0,2100.0,3980.0,4000.0,3970.0,-217.3042099999999,3937.9908240271316,4034.609175972869,3990.0,3985.0,volume_proxy
2022-08-31,3954.98,3960.0,3950.0,1200.0,3955.0,3900.0,3945.0,-5109.476890000001,3909.7498202587876,4000.2101797412124,3960.0,3950.0,volume_proxy
2022-09-01,3968.05,3970.0,3950.0,3970.0,3975.0,3980.0,3965.0,1518.4208899999999,3912.3156039515175,4023.784396048483,3970.0,3965.0,volume_proxy
2022-09-02,3925.29,3950.0,3880.0,1675.0,3875.0,3870.0,3900.0,-1600.5818,3889.9217315865385,3960.6582684134614,3950.0,3880.0,volume_proxy
2022-09-05,3924.26,3950.0,3900.0,2400.0,3875.0,3800.0,4050.0,-56.45147,3880.360074536762,3968.1599254632383,3945.0,3900.0,volume_proxy
2022-09-06,3910.16,3915.0,3910.0,3910.0,3900.0,3905.0,3850.0,1077.9246699999999,3872.129898009986,3948.1901019900138,3915.0,3910.0,volume_proxy
2022-09-07,3980.02,3985.0,3980.0,2125.0,3975.0,3990.0,4000.0,-65420.65435000002,3930.1622794418818,4029.877720558118,3985.0,3980.0,volume_proxy
2022-09-08,4005.86,4010.0,3985.0,1900.0,3980.0,4020.0,4015.0,-162.6039,3963.4546070665065,4048.265392933494,4010.0,3985.0,volume_proxy
2022-09-09,4067.62,4070.0,4065.0,4070.0,4080.0,4075.0,4050.0,2814.4823200000005,4038.1067404052246,4097.133259594775,4070.0,4065.0,volume_proxy
2022-09-12,4110.92,4120.0,4085.0,1700.0,4080.0,4115.0,4075.0,-446.25068,4042.3956368918202,4179.44436310818,4120.0,4085.0,volume_proxy
2022-09-13,3932.69,4000.0,3920.0,1500.0,3915.0,3900.0,3935.0,-2278.4681899999996,3874.7172556071737,3990.6627443928264,3935.0,3920.0,volume_proxy
2022-09-14,3946.87,3950.0,3945.0,3985.0,3940.0,3900.0,3960.0,97.69353000000004,3894.8828272576297,3998.85717274237,3950.0,3945.0,volume_proxy
2022-09-15,3901.27,3905.0,3875.0,2175.0,3870.0,3900.0,3865.0,-10024.85018,3864.9286969431964,3937.6113030568035,3905.0,3875.0,volume_proxy
2022-09-16,3873.28,3900.0,3870.0,3950.0,3860.0,3850.0,3875.0,91.52131999999997,3835.1718430800047,3911.3881569199957,3950.0,3870.0,volume_proxy
2022-09-19,3899.98,3900.0,3895.0,3900.0,3905.0,3910.0,3915.0,21150.708570000003,3854.192201183317,3945.767798816683,3900.0,3895.0,volume_proxy
2022-09-20,3856.76,3860.0,3850.0,1000.0,3855.0,3840.0,3870.0,-616.3558299999997,3775.4679116491907,3938.0520883508098,3860.0,3850.0,volume_proxy
2022-09-21,3789.83,3900.0,3785.0,2300.0,3790.0,3780.0,3750.0,-1833.5359799999999,3721.7064399122064,3857.9535600877934,3800.0,3785.0,volume_proxy
2022-09-22,3756.86,3760.0,3740.0,1800.0,3730.0,3735.0,3700.0,-1136.3468199999998,3703.476618459439,3810.243381540561,3760.0,3740.0,volume_proxy
2022-09-23,3695.49,3700.0,3690.0,3710.0,3695.0,3705.0,3650.0,168.65775000000016,3650.234848656308,3740.7451513436918,3700.0,3690.0,volume_proxy
2022-09-26,3656.13,3660.0,3650.0,1900.0,3655.0,3640.0,3645.0,-1262.1936399999997,3591.9148511254684,3720.345148874532,3660.0,3650.0,volume_proxy
2022-09-27,3648.49,3650.0,3645.0,1350.0,3640.0,3600.0,3630.0,-94.4541100000001,3589.656131226811,3707.3238687731887,3650.0,3645.0,volume_proxy
2022-09-28,3717.69,3720.0,3695.0,1800.0,3700.0,3710.0,3725.0,-533.0090199999996,3660.9088678517364,3774.4711321482637,3720.0,3695.0,volume_proxy
2022-09-29,3641.71,3645.0,3640.0,3650.0,3650.0,3635.0,3630.0,268.3672999999999,3571.819117212433,3711.600882787567,3645.0,3640.0,volume_proxy
2022-09-30,3589.7,3590.0,3580.0,1300.0,3585.0,3595.0,3575.0,-1105.1215200000001,3545.471263656832,3633.9287363431677,3590.0,3580.0,volume_proxy
2022-10-03,3677.82,3680.0,3640.0,3700.0,3675.0,3670.0,3635.0,306.8165499999996,3625.0569957009193,3730.583004299081,3680.0,3640.0,volume_proxy
2022-10-04,3790.5,3795.0,3785.0,3790.0,3790.0,3780.0,3800.0,4378.87703,3752.555620239075,3828.444379760925,3795.0,3785.0,volume_proxy
2022-10-05,3783.39,3800.0,3655.0,4100.0,3650.0,3850.0,3810.0,43.38475999999994,3733.730126195711,3833.049873804289,3800.0,3655.0,volume_proxy
2022-10-06,3744.41,3745.0,3725.0,2100.0,3720.0,3700.0,3800.0,-122.49835999999999,3677.752718221173,3811.067281778827,3745.0,3725.0,volume_proxy
2022-10-07,3640.38,3645.0,3640.0,1200.0,3635.0,3630.0,3600.0,-1153.2602299999994,3600.5833933576196,3680.1766066423806,3645.0,3640.0,volume_proxy
2022-10-10,3612.05,3615.0,3610.0,3800.0,3620.0,3600.0,3605.0,24.807740000000003,3563.4786515374376,3660.6213484625628,3615.0,3610.0,volume_proxy
2022-10-11,3588.74,3590.0,3555.0,2100.0,3550.0,3545.0,3540.0,-930.26207,3534.32510252598,3643.1548974740194,3590.0,3555.0,volume_proxy
2022-10-12,3576.9,3580.0,3565.0,1500.0,3560.0,3550.0,3555.0,-1916.9572900000003,3479.463349993666,3674.3366500063344,3580.0,3565.0,volume_proxy
2022-10-13,3669.48,3670.0,3665.0,3670.0,3675.0,3680.0,3660.0,853.17875,3610.6254949870763,3728.3345050129237,3670.0,3665.0,volume_proxy
2022-10-14,3585.73,3590.0,3585.0,1200.0,3600.0,3580.0,3575.0,-1970.3476500000004,3542.262828711431,3629.197171288569,3590.0,3585.0,volume_proxy
2022-10-17,3678.4,3680.0,3675.0,3680.0,3670.0,3685.0,3700.0,967.1767800000001,3626.6968921677335,3730.1031078322667,3680.0,3675.0,volume_proxy
2022-10-18,3721.8,3725.0,3720.0,1750.0,3715.0,3700.0,3710.0,-338.87892000000005,3664.750949936687,3778.8490500633134,3725.0,3720.0,volume_proxy
2022-10-19,3696.74,3700.0,3695.0,3705.0,3690.0,3705.0,3685.0,216.58650999999995,3643.3644056929734,3750.115594307026,3700.0,3695.0,volume_proxy
2022-10-20,3664.49,3665.0,3650.0,1600.0,3645.0,3670.0,3640.0,-10723.325200000003,3636.0307461161938,3692.949253883806,3665.0,3650.0,volume_proxy
2022-10-21,3753.07,3800.0,3700.0,3860.0,3750.0,3650.0,3775.0,66.09487999999999,3714.1349767443376,3792.0050232556628,3815.0,3540.0,volume_proxy
2022-10-24,3797.9,3800.0,3795.0,3800.0,3805.0,3810.0,3790.0,1987.6645999999996,3744.915559122879,3850.884440877121,3800.0,3795.0,volume_proxy
2022-10-25,3860.2,3865.0,3855.0,3870.0,3870.0,3860.0,3850.0,388.25058999999993,3807.46620950735,3912.9337904926497,3865.0,3855.0,volume_proxy
2022-10-26,3830.22,3835.0,3815.0,1400.0,3810.0,3800.0,3805.0,-716.87262,3779.962336479653,3880.4776635203466,3835.0,3815.0,volume_proxy
2022-10-27,3808.02,3810.0,3805.0,1925.0,3800.0,3750.0,3815.0,-2826.949120000001,3758.993970717676,3857.046029282324,3810.0,3805.0,volume_proxy
2022-10-28,3901.38,3905.0,3900.0,3895.0,3895.0,3910.0,3950.0,6990.05446,3864.6542806764774,3938.105719323523,3905.0,3900.0,volume_proxy
2022-10-31,3872.65,3875.0,3850.0,1600.0,3845.0,3840.0,3950.0,-1826.6562500000002,3830.4520534943085,3914.8479465056917,3875.0,3850.0,volume_proxy
2022-11-01,3855.64,3860.0,3855.0,2300.0,3850.0,3870.0,3865.0,-2350.8088399999992,3786.350483218885,3924.9295167811147,3860.0,3855.0,volume_proxy
2022-11-02,3758.98,3850.0,3755.0,1200.0,3750.0,3675.0,3700.0,-832.23911,3712.3719388476534,3805.5880611523467,3770.0,3755.0,volume_proxy
2022-11-03,3720.5,3725.0,3720.0,2400.0,3715.0,3730.0,3710.0,-3865.807489999999,3658.1518616620756,3782.8481383379244,3725.0,3720.0,volume_proxy
2022-11-04,3770.42,3775.0,3770.0,3850.0,3765.0,3780.0,3790.0,59.61340000000001,3738.300963561737,3802.5390364382633,3775.0,3770.0,volume_proxy
2022-11-07,3807.37,3810.0,3805.0,3810.0,3800.0,3815.0,3820.0,1009.9951200000003,3766.607692670768,3848.132307329232,3810.0,3805.0,volume_proxy
2022-11-08,3828.34,3830.0,3825.0,2600.0,3820.0,3835.0,3800.0,-74.9508700000001,3771.746337042911,3884.9336629570894,3830.0,3825.0,volume_proxy
2022-11-09,3749.09,3750.0,3745.0,1400.0,3740.0,3755.0,3735.0,-3860.3332299999997,3659.7266363234653,3838.453363676535,3750.0,3745.0,volume_proxy
2022-11-10,3954.1,3955.0,3840.0,3935.0,3950.0,3940.0,3945.0,2213.4650599999995,3901.1956153999427,4007.004384600057,3955.0,3840.0,volume_proxy
2022-11-11,3992.21,3995.0,3990.0,4005.0,4000.0,3985.0,4010.0,364.1878999999999,3957.3113444723517,4027.1086555276484,3995.0,3990.0,volume_proxy
2022-11-14,3957.13,4000.0,3955.0,1600.0,3950.0,3960.0,3940.0,-3035.2052800000006,3913.394568051898,4000.865431948102,3960.0,3955.0,volume_proxy
2022-11-15,3992.42,3995.0,3990.0,2300.0,4000.0,3985.0,3980.0,-1084.8774999999998,3944.1372564937965,4040.7027435062037,3995.0,3990.0,volume_proxy
2022-11-16,3959.18,3960.0,3955.0,3975.0,3950.0,3965.0,3970.0,291.4077999999999,3913.8768474769063,4004.4831525230934,3960.0,3955.0,volume_proxy
2022-11-17,3948.17,3950.0,3945.0,3950.0,3955.0,3960.0,3940.0,1926.1237699999995,3921.0467856632786,3975.2932143367216,3950.0,3945.0,volume_proxy
2022-11-18,3967.12,4000.0,3900.0,4045.0,3975.0,4050.0,3985.0,85.37837999999999,3937.025181941951,3997.214818058049,3970.0,3425.0,volume_proxy
2022-11-21,3950.28,3955.0,3950.0,2200.0,3960.0,3945.0,3965.0,-1317.6911500000012,3916.322713680505,3984.2372863194955,3955.0,3950.0,volume_proxy
2022-11-22,4003.73,4005.0,4000.0,3985.0,3995.0,4010.0,3990.0,7162.14248,3969.270372369069,4038.189627630931,4005.0,4000.0,volume_proxy
2022-11-23,4027.92,4030.0,4025.0,4030.0,4035.0,4050.0,4020.0,1694.5814299999995,4007.8051491531205,4048.0348508468796,4030.0,4025.0,volume_proxy
2022-11-24,4027.26,4050.0,4025.0,1000.0,4030.0,3900.0,3600.0,-9.027570000000004,3993.209253876114,4061.3107461238865,4060.0,4025.0,volume_proxy
2022-11-25,4026.12,4030.0,4025.0,1800.0,4020.0,4035.0,4040.0,-1323.44438,4006.536598837798,4045.7034011622018,4030.0,4025.0,volume_proxy
2022-11-28,3964.56,3965.0,3960.0,2100.0,3970.0,3955.0,3950.0,-9910.670069999998,3931.9134897861413,3997.2065102138586,3965.0,3960.0,volume_proxy
2022-11-29,3957.35,3960.0,3940.0,2600.0,3955.0,3950.0,3935.0,-25125.59743000001,3903.3189682213006,4011.3810317786993,3960.0,3940.0,volume_proxy
2022-11-30,4078.81,4100.0,4010.0,1900.0,4005.0,4000.0,4075.0,-134.6586499999999,4035.7222993476676,4121.897700652332,4100.0,4010.0,volume_proxy
2022-12-01,4076.96,4080.0,4075.0,4080.0,4085.0,4100.0,4090.0,1568.73636,4038.6007166303816,4115.3192833696185,4080.0,4075.0,volume_proxy
2022-12-02,4071.55,4075.0,4065.0,4070.0,4070.0,4080.0,4060.0,5575.276629999999,4051.3467914218572,4091.753208578143,4075.0,4065.0,volume_proxy
2022-12-05,3999.15,4000.0,3995.0,1700.0,3990.0,4005.0,4010.0,-7760.504859999999,3965.420060274829,4032.879939725171,4000.0,3995.0,volume_proxy
2022-12-06,3941.5,3945.0,3940.0,2700.0,3935.0,3930.0,3950.0,-1488.6485200000002,3902.6982987010124,3980.3017012989876,3945.0,3940.0,volume_proxy
2022-12-07,3933.45,3935.0,3900.0,2900.0,3930.0,3895.0,3920.0,-602.0322200000003,3899.6150866898824,3967.284913310117,3935.0,3900.0,volume_proxy
2022-12-08,3963.94,3965.0,3960.0,3965.0,3970.0,3950.0,3955.0,1648.1671299999998,3916.698358563801,4011.1816414361992,3965.0,3960.0,volume_proxy
2022-12-09,3934.36,3935.0,3915.0,1600.0,3900.0,3910.0,4000.0,-267.22797999999995,3907.4766450770035,3961.243354922997,3935.0,3915.0,volume_proxy
2022-12-12,3990.29,4000.0,3950.0,2200.0,3990.0,3945.0,3940.0,-359.63455999999985,3881.8261566171295,4098.75384338287,4000.0,3950.0,volume_proxy
2022-12-13,4019.51,4020.0,4015.0,4020.0,4025.0,4030.0,4000.0,1101.70474,3931.904753963074,4107.115246036927,4020.0,4015.0,volume_proxy
2022-12-14,3995.13,4000.0,3995.0,2000.0,3990.0,3950.0,4005.0,-418.2085,3943.9970423938807,4046.2629576061195,4000.0,3995.0,volume_proxy
2022-12-15,3896.92,3900.0,3895.0,2650.0,3890.0,3885.0,3880.0,-724.04251,3863.4434988780204,3930.39650112198,3900.0,3895.0,volume_proxy
2022-12-19,3817.98,3820.0,3815.0,3820.0,3825.0,3800.0,3830.0,1162.0981000000002,3781.2060006474867,3854.7539993525133,3820.0,3815.0,volume_proxy
2022-12-20,3821.98,3825.0,3820.0,2400.0,3815.0,3800.0,3810.0,-2240.9485799999993,3783.1884089293953,3860.7715910706047,3825.0,3820.0,volume_proxy
2022-12-21,3878.06,3880.0,3875.0,3880.0,3870.0,3900.0,3885.0,954.2909600000008,3844.1970738907617,3911.9229261092382,3880.0,3875.0,volume_proxy
2022-12-22,3822.96,3825.0,3820.0,3825.0,3830.0,3800.0,3810.0,927.2162399999997,3781.4202952135447,3864.4997047864554,3825.0,3820.0,volume_proxy
2022-12-23,3844.45,3845.0,3800.0,3000.0,3850.0,3795.0,3790.0,-2648.8033100000002,3821.0011551990738,3867.898844800926,3845.0,3800.0,volume_proxy
2022-12-26,3844.82,3850.0,3800.0,3895.0,3835.0,3900.0,3750.0,87.34184000000002,3807.260696334123,3882.379303665877,3850.0,3840.0,volume_proxy
2022-12-27,3829.13,3830.0,3825.0,3830.0,3820.0,3835.0,3815.0,345.8721799999994,3794.3363004725015,3863.9236995274987,3830.0,3825.0,volume_proxy
2022-12-28,3783.05,3785.0,3780.0,2400.0,3775.0,3770.0,3790.0,-1233.8286699999999,3743.9898404366977,3822.1101595633027,3785.0,3780.0,volume_proxy
2022-12-29,3848.66,3850.0,3845.0,2100.0,3840.0,3860.0,3865.0,-4502.661839999999,3812.8330164936806,3884.486983506319,3850.0,3845.0,volume_proxy
2022-12-30,3839.81,3840.0,3820.0,1900.0,3815.0,3800.0,3810.0,-5158.87779,3812.6970774122497,3866.9229225877502,3840.0,3820.0,volume_proxy
2023-01-04,3853.39,3900.0,3850.0,2000.0,3740.0,3800.0,3750.0,-7.983240000000009,3817.018939208092,3889.7610607919078,3900.0,3740.0,volume_proxy
2023-01-05,3808.19,3810.0,3805.0,1800.0,3800.0,3815.0,3820.0,-1929.2029299999997,3747.1095365921824,3869.2704634078177,3810.0,3805.0,volume_proxy
2023-01-06,3894.2,3895.0,3870.0,2825.0,3885.0,3880.0,3875.0,-2165.9134899999995,3868.1147972028293,3920.2852027971703,3895.0,3870.0,volume_proxy
2023-01-09,3892.52,3895.0,3890.0,2900.0,3885.0,3880.0,3850.0,-1141.7422100000001,3853.6499905739743,3931.3900094260257,3895.0,3890.0,volume_proxy
2023-01-10,3919.78,3925.0,3900.0,4000.0,3920.0,3930.0,3915.0,46.35239999999996,3887.0269079056675,3952.533092094333,3925.0,3915.0,volume_proxy
2023-01-11,3969.31,3970.0,3965.0,3970.0,3975.0,3980.0,4000.0,18232.63299,3878.4281111696214,4060.1918888303785,3970.0,3965.0,volume_proxy
2023-01-12,3982.87,3985.0,3980.0,3985.0,3990.0,4000.0,3995.0,1732.0581199999997,3945.3244845001464,4020.4155154998534,3985.0,3980.0,volume_proxy
2023-01-13,3998.71,4000.0,3980.0,2300.0,3995.0,3990.0,3985.0,-5931.801629999999,3978.1893695091644,4019.2306304908357,4000.0,3980.0,volume_proxy
2023-01-17,3990.4,3995.0,3990.0,2600.0,3985.0,3980.0,4005.0,-3557.98579,3954.0868626824918,4026.7131373175084,3995.0,3990.0,volume_proxy
2023-01-18,3928.85,3930.0,3925.0,2600.0,3935.0,3940.0,3950.0,-4969.93101,3897.569197112786,3960.130802887214,3930.0,3925.0,volume_proxy
2023-01-19,3899.16,3900.0,3895.0,2600.0,3905.0,3890.0,3910.0,-7146.042260000001,3874.3433799248573,3923.9766200751424,3900.0,3895.0,volume_proxy
2023-01-20,3971.98,3975.0,3900.0,3975.0,4000.0,3980.0,3990.0,373.58865,3948.3675670505872,3995.592432949413,3975.0,3900.0,volume_proxy
2023-01-23,4019.36,4020.0,4000.0,4010.0,4015.0,4010.0,4025.0,4317.01717,3984.9139664093896,4053.8060335906107,4020.0,4005.0,volume_proxy
2023-01-24,4016.84,4020.0,4015.0,4020.0,4025.0,4030.0,4035.0,1532.60356,3980.254625745361,4053.4253742546393,4020.0,4015.0,volume_proxy
2023-01-25,4016.22,4020.0,3995.0,1900.0,3990.0,3985.0,4025.0,-4576.968059999999,3978.3107677979597,4054.12923220204,4020.0,3995.0,volume_proxy
2023-01-26,4060.18,4065.0,4050.0,4100.0,4070.0,4100.0,4055.0,156.75282999999988,4029.2040224176535,4091.155977582346,4065.0,4050.0,volume_proxy
2023-01-27,4070.02,4075.0,4060.0,4080.0,4070.0,4065.0,4050.0,460.9015600000002,4046.5939051232317,4093.4460948767683,4075.0,4060.0,volume_proxy
2023-01-30,4018.18,4020.0,4015.0,2775.0,4025.0,4030.0,4010.0,-3231.8342300000004,3978.9221135606,4057.4378864394,4020.0,4015.0,volume_proxy
2023-01-31,4077.16,4080.0,4075.0,4080.0,4085.0,4065.0,4000.0,537.7888999999998,4016.608123388108,4137.711876611891,4080.0,4075.0,volume_proxy
2023-02-01,4119.88,4120.0,4115.0,4120.0,4125.0,4150.0,4110.0,1995.4232900000002,4081.0870453973616,4158.672954602639,4120.0,4115.0,volume_proxy
2023-02-02,4180.26,4185.0,4175.0,2600.0,4180.0,4190.0,4170.0,-272.51337000000007,4127.730606848503,4232.789393151497,4185.0,4175.0,volume_proxy
2023-02-03,4136.27,4140.0,4120.0,4200.0,4135.0,4115.0,4100.0,103.92390999999995,4109.845255020145,4162.694744979856,4140.0,4120.0,volume_proxy
2023-02-06,4111.02,4115.0,4110.0,1400.0,4100.0,4105.0,4125.0,-1529.9116199999994,4063.4381621214643,4158.601837878537,4115.0,4110.0,volume_proxy
2023-02-07,4163.74,4165.0,4160.0,4145.0,4170.0,4150.0,4155.0,1890.7225799999999,4133.752273879182,4193.727726120817,4165.0,4160.0,volume_proxy
2023-02-08,4118.33,4120.0,4115.0,1900.0,4110.0,4125.0,4100.0,-1920.37645,4078.119584425381,4158.540415574619,4120.0,4115.0,volume_proxy
2023-02-09,4081.89,4085.0,4080.0,1400.0,4090.0,4075.0,4100.0,-3326.02939,4040.6095630809104,4123.170436919089,4085.0,4080.0,volume_proxy
2023-02-10,4090.54,4095.0,4075.0,4090.0,4090.0,4085.0,4080.0,810.9021099999998,4062.3485415644545,4118.731458435545,4095.0,4075.0,volume_proxy
2023-02-13,4137.71,4140.0,4135.0,4140.0,4145.0,4130.0,4150.0,1623.5316300000004,4059.8860590219083,4215.533940978092,4140.0,4135.0,volume_proxy
2023-02-14,4136.02,4140.0,4130.0,2400.0,4135.0,4145.0,4150.0,-2368.4688100000003,4106.356977942035,4165.683022057966,4140.0,4130.0,volume_proxy
2023-02-15,4148.11,4150.0,4140.0,4150.0,4155.0,4145.0,4160.0,4248.127880000002,4112.301881812374,4183.918118187626,4150.0,4140.0,volume_proxy
2023-02-16,4090.92,4100.0,4090.0,2400.0,4085.0,4080.0,4095.0,-1630.20381,4063.979651335363,4117.860348664637,4100.0,4090.0,volume_proxy
2023-02-17,4079.42,4100.0,4050.0,2600.0,4000.0,4080.0,4125.0,-48.09592999999998,4054.12038741482,4104.719612585181,4100.0,4075.0,volume_proxy
2023-02-21,3997.57,4000.0,3995.0,1900.0,3990.0,4005.0,4010.0,-3068.86212,3953.581516484328,4041.5584835156724,4000.0,3995.0,volume_proxy
2023-02-22,3991.88,3995.0,3990.0,1900.0,3985.0,4000.0,3980.0,-1009.80203,3952.3711074107696,4031.3888925892306,3995.0,3990.0,volume_proxy
2023-02-23,4012.14,4015.0,4010.0,4015.0,4020.0,4005.0,4000.0,965.6624199999999,3971.69384761505,4052.58615238495,4015.0,4010.0,volume_proxy
2023-02-24,3970.42,3975.0,3950.0,1600.0,3970.0,3945.0,3955.0,-7192.514009999996,3942.8012774424124,3998.038722557588,3975.0,3950.0,volume_proxy
2023-02-27,3982.38,3985.0,3980.0,1800.0,3990.0,3975.0,3970.0,-2601.6749600000003,3947.1357851299035,4017.6242148700967,3985.0,3980.0,volume_proxy
2023-02-28,3969.12,3975.0,3965.0,2960.0,3980.0,3960.0,3950.0,-51.26584000000021,3935.3083000016336,4002.931699998366,3975.0,3965.0,volume_proxy
2023-03-01,3952.01,3955.0,3945.0,2400.0,3940.0,3935.0,3960.0,-7273.67748,3914.218899762477,3989.8011002375233,3955.0,3945.0,volume_proxy
2023-03-02,3980.73,3985.0,3980.0,2500.0,3990.0,3975.0,4000.0,-98.4443499999999,3944.7330546893395,4016.7269453106605,3985.0,3980.0,volume_proxy
2023-03-03,4046.21,4050.0,4045.0,4050.0,4055.0,4040.0,4060.0,1261.40468,4022.221284421842,4070.198715578158,4050.0,4045.0,volume_proxy
2023-03-06,4048.46,4050.0,4045.0,4050.0,4055.0,4040.0,4060.0,1320.8543299999994,4001.8483481347644,4095.0716518652357,4050.0,4045.0,volume_proxy
2023-03-07,3986.51,3990.0,3985.0,2500.0,3980.0,3975.0,3995.0,-2320.1780000000003,3951.1639415758477,4021.8560584241527,3990.0,3985.0,volume_proxy
2023-03-08,3992.41,3995.0,3990.0,4025.0,4000.0,3985.0,3980.0,187.6078400000003,3960.887216830163,4023.9327831698365,3995.0,3990.0,volume_proxy
2023-03-09,3918.94,3920.0,3915.0,2200.0,3925.0,3930.0,3935.0,-2903.21139,3873.2542349668925,3964.6257650331077,3920.0,3915.0,volume_proxy
2023-03-10,3861.68,3865.0,3860.0,2450.0,3850.0,3875.0,3880.0,-2286.86319,3823.1945811421597,3900.16541885784,3865.0,3860.0,volume_proxy
2023-03-13,3856.04,3860.0,3850.0,1400.0,3855.0,3845.0,3800.0,-1173.3315099999998,3767.9349525760463,3944.1450474239537,3860.0,3850.0,volume_proxy
2023-03-14,3921.44,3925.0,3920.0,1700.0,3915.0,3900.0,3910.0,-152.8905799999999,3874.1342336530593,3968.745766346941,3925.0,3920.0,volume_proxy
2023-03-15,3893.21,3900.0,3820.0,2000.0,3800.0,3815.0,3810.0,-287.05926999999997,3836.4887701906314,3949.9312298093687,3900.0,3820.0,volume_proxy
2023-03-16,3960.6,3965.0,3960.0,3940.0,3950.0,3955.0,3970.0,1534.86299,3932.377199282591,3988.822800717409,3965.0,3960.0,volume_proxy
2023-03-17,3916.87,3950.0,3900.0,2100.0,3915.0,4000.0,3975.0,-86.29694,3876.920388519898,3956.8196114801017,3950.0,3900.0,volume_proxy
2023-03-20,3951.77,3955.0,3920.0,1600.0,3915.0,3910.0,3900.0,-4741.800700000001,3911.80547567334,3991.73452432666,3955.0,3920.0,volume_proxy
2023-03-21,4003.76,4005.0,4000.0,4005.0,4010.0,4015.0,4020.0,2270.9298400000007,3937.652405205075,4069.8675947949255,4005.0,4000.0,volume_proxy
2023-03-22,3936.17,4000.0,3935.0,2750.0,3930.0,3925.0,3900.0,-260.54739,3884.0510140059932,3988.288985994007,3950.0,3935.0,volume_proxy
2023-03-23,3947.86,3950.0,3880.0,2700.0,3875.0,3900.0,3955.0,-1000.24339,3896.8980755101734,3998.821924489827,3950.0,3880.0,volume_proxy
2023-03-24,3971.35,3975.0,3965.0,3975.0,3980.0,3970.0,3985.0,335.2770900000001,3939.1704354554113,4003.5295645445885,3975.0,3965.0,volume_proxy
2023-03-27,3978.63,3980.0,3940.0,1900.0,3935.0,3930.0,3925.0,-840.6651100000003,3940.36003201338,4016.89996798662,3980.0,3940.0,volume_proxy
2023-03-28,3971.48,3975.0,3970.0,1800.0,3965.0,3960.0,3980.0,-374.0674999999996,3938.4300075330907,4004.5299924669093,3975.0,3970.0,volume_proxy
2023-03-29,4028.28,4030.0,4025.0,4030.0,4035.0,4040.0,4065.0,2355.44862,3996.8926992160177,4059.6673007839827,4030.0,4025.0,volume_proxy
2023-03-30,4050.95,4055.0,4040.0,4045.0,4050.0,4045.0,4060.0,4223.808260000001,4021.3420601692983,4080.5579398307013,4055.0,4040.0,volume_proxy
2023-03-31,4109.88,4110.0,4100.0,4085.0,4105.0,4115.0,4095.0,2301.3597600000003,4085.5901798149953,4134.169820185005,4110.0,4105.0,volume_proxy
2023-04-03,4123.95,4125.0,4120.0,4115.0,4130.0,4115.0,4110.0,8760.511660000002,4096.54404140829,4151.35595859171,4125.0,4120.0,volume_proxy
2023-04-04,4101.15,4110.0,4070.0,2350.0,4065.0,4060.0,4105.0,-866.6383499999998,4072.120708280932,4130.179291719068,4110.0,4070.0,volume_proxy
2023-04-05,4090.1,4095.0,4075.0,4095.0,4090.0,4085.0,4080.0,834.1314500000003,4062.739925429144,4117.460074570856,4095.0,4075.0,volume_proxy
2023-04-06,4104.89,4105.0,4090.0,4210.0,4110.0,4085.0,4080.0,39.79919999999924,4078.6385762514647,4131.141423748536,4105.0,4090.0,volume_proxy
2023-04-10,4107.95,4110.0,4105.0,4110.0,4115.0,4100.0,4095.0,3844.0796199999995,4080.3463079556104,4135.553692044389,4110.0,4105.0,volume_proxy
2023-04-11,4109.33,4110.0,4105.0,4110.0,4115.0,4100.0,4120.0,5803.180479999998,4063.776502982233,4154.883497017767,4110.0,4105.0,volume_proxy
2023-04-12,4092.83,4095.0,4090.0,2800.0,4100.0,4085.0,4110.0,-3919.4662100000005,4063.2369548893107,4122.42304511069,4095.0,4090.0,volume_proxy
2023-04-13,4146.58,4150.0,4145.0,2000.0,4155.0,4140.0,4160.0,-155.05152000000055,4116.05108272086,4177.10891727914,4150.0,4145.0,volume_proxy
2023-04-14,4137.54,4140.0,4135.0,4140.0,4150.0,4130.0,4145.0,2958.9881399999995,4118.2512982476555,4156.828701752344,4140.0,4135.0,volume_proxy
2023-04-17,4151.72,4155.0,4150.0,4160.0,4160.0,4145.0,4165.0,491.4120200000001,4127.702045591013,4175.737954408987,4155.0,4150.0,volume_proxy
2023-04-18,4154.77,4155.0,4150.0,4155.0,4160.0,4165.0,4170.0,4415.81168,4129.556634564119,4179.983365435882,4155.0,4150.0,volume_proxy
2023-04-19,4154.69,4155.0,4150.0,4155.0,4160.0,4145.0,4165.0,8845.094050000002,4130.5043744592585,4178.875625540741,4155.0,4150.0,volume_proxy
2023-04-20,4129.75,4130.0,4125.0,4155.0,4120.0,4115.0,4135.0,304.26189999999974,4118.551851985195,4140.948148014805,4130.0,4125.0,volume_proxy
2023-04-21,4133.56,4150.0,4000.0,2300.0,4100.0,4145.0,4140.0,-2428.37431,4114.750742471317,4152.369257528684,4150.0,4000.0,volume_proxy
2023-04-24,4136.58,4140.0,4135.0,2300.0,4130.0,4145.0,4125.0,-762.30098,4114.861956013893,4158.298043986107,4140.0,4135.0,volume_proxy
2023-04-25,4071.66,4075.0,4070.0,1200.0,4065.0,4080.0,4060.0,-2325.0951,4034.981862642883,4108.338137357117,4075.0,4070.0,volume_proxy
2023-04-26,4056.51,4060.0,4050.0,1600.0,4055.0,4045.0,4040.0,-7662.68584,4025.1646629767597,4087.8553370232407,4060.0,4050.0,volume_proxy
2023-04-27,4135.15,4140.0,4130.0,4135.0,4135.0,4150.0,4145.0,21029.9967,4102.226673311767,4168.073326688233,4140.0,4130.0,volume_proxy
2023-04-28,4170.06,4175.0,4170.0,4170.0,4165.0,4180.0,4160.0,17164.312080000003,4151.583762968361,4188.53623703164,4175.0,4170.0,volume_proxy
2023-05-01,4167.33,4170.0,4165.0,4185.0,4175.0,4160.0,4180.0,353.88717000000014,4146.827413353572,4187.832586646427,4170.0,4165.0,volume_proxy
2023-05-02,4119.69,4120.0,4105.0,2500.0,4125.0,4100.0,4115.0,-3177.660380000001,4073.913959242311,4165.466040757688,4120.0,4105.0,volume_proxy
2023-05-03,4091.93,4095.0,4090.0,1400.0,4100.0,4110.0,4070.0,-1230.38832,4062.719802650712,4121.1401973492875,4095.0,4090.0,volume_proxy
2023-05-04,4061.6,4065.0,4045.0,2300.0,4040.0,4050.0,4070.0,-624.48775,4015.690343956858,4107.509656043142,4065.0,4045.0,volume_proxy
2023-05-05,4134.78,4135.0,4105.0,1600.0,4100.0,4150.0,4140.0,-1665.6680000000001,4114.5547640618315,4155.005235938168,4135.0,4105.0,volume_proxy
2023-05-08,4137.75,4140.0,4135.0,4145.0,4145.0,4130.0,4150.0,646.4236299999998,4113.093458547224,4162.406541452776,4140.0,4135.0,volume_proxy
2023-05-09,4119.35,4120.0,4115.0,4120.0,4125.0,4110.0,4135.0,847.3398900000003,4078.837693891808,4159.862306108193,4120.0,4115.0,volume_proxy
2023-05-10,4137.47,4140.0,4135.0,4130.0,4130.0,4145.0,4150.0,2889.0059399999996,4109.756562279419,4165.183437720581,4140.0,4135.0,volume_proxy
2023-05-11,4130.59,4135.0,4120.0,2700.0,4130.0,4125.0,4115.0,-11750.887879999997,4103.551035172697,4157.628964827303,4135.0,4120.0,volume_proxy
2023-05-12,4123.78,4125.0,4120.0,4125.0,4130.0,4115.0,4100.0,3266.5378499999997,4104.6385732636545,4142.921426736345,4125.0,4120.0,volume_proxy
2023-05-15,4137.24,4140.0,4115.0,2100.0,4120.0,4110.0,4145.0,-462.1788399999998,4113.558616251657,4160.921383748342,4140.0,4115.0,volume_proxy
2023-05-16,4110.02,4115.0,4110.0,2500.0,4105.0,4100.0,4125.0,-3573.47736,4082.41534377454,4137.624656225461,4115.0,4110.0,volume_proxy
2023-05-17,4158.35,4160.0,4155.0,4160.0,4165.0,4150.0,4170.0,1278.6129000000005,4132.8673651111085,4183.832634888892,4160.0,4155.0,volume_proxy
2023-05-18,4197.84,4200.0,4195.0,4170.0,4190.0,4185.0,4180.0,4223.03092,4179.916320249117,4215.763679750883,4200.0,4195.0,volume_proxy
2023-05-19,4191.97,4200.0,4150.0,4225.0,4210.0,4175.0,4205.0,173.81674999999998,4171.1520976290085,4212.787902370992,4200.0,4150.0,volume_proxy
2023-05-22,4192.65,4200.0,4175.0,1800.0,4170.0,4165.0,4205.0,-2487.0521100000005,4165.228558660599,4220.0714413394,4200.0,4175.0,volume_proxy
2023-05-23,4145.82,4150.0,4145.0,2700.0,4140.0,4155.0,4135.0,-2982.0292200000013,4116.543727254308,4175.096272745692,4150.0,4145.0,volume_proxy
2023-05-24,4115.13,4120.0,4115.0,1800.0,4110.0,4100.0,4105.0,-2559.90159,4079.804888203157,4150.455111796843,4120.0,4115.0,volume_proxy
2023-05-25,4151.52,4155.0,4150.0,1800.0,4145.0,4160.0,4140.0,-1089.2757599999998,4116.124416141321,4186.91558385868,4155.0,4150.0,volume_proxy
2023-05-26,4205.04,4210.0,4205.0,4205.0,4200.0,4195.0,4190.0,-8398.359779999999,4179.958642155639,4230.121357844361,4210.0,4205.0,volume_proxy
2023-05-30,4205.47,4210.0,4205.0,1700.0,4215.0,4200.0,4220.0,-2133.4876600000007,4174.821438898452,4236.118561101549,4210.0,4205.0,volume_proxy
2023-05-31,4181.1,4185.0,4180.0,2450.0,4190.0,4175.0,4170.0,-1113.57804,4150.901645220446,4211.298354779555,4185.0,4180.0,volume_proxy
2023-06-01,4221.32,4225.0,4205.0,4250.0,4230.0,4200.0,4235.0,206.90679000000003,4190.465515330457,4252.174484669543,4225.0,4205.0,volume_proxy
2023-06-02,4281.37,4300.0,4245.0,4280.0,4280.0,4240.0,4250.0,1051.5353200000002,4264.401764145561,4298.338235854439,4285.0,4245.0,volume_proxy
2023-06-05,4274.8,4280.0,4270.0,1600.0,4275.0,4285.0,4265.0,-5167.700749999998,4249.885558599431,4299.71444140057,4280.0,4270.0,volume_proxy
2023-06-06,4283.47,4285.0,4280.0,4280.0,4290.0,4275.0,4300.0,7270.0787199999995,4260.5071906916355,4306.432809308365,4285.0,4280.0,volume_proxy
2023-06-07,4268.17,4270.0,4265.0,2450.0,4260.0,4275.0,4280.0,-4037.4247199999986,4245.550014226437,4290.789985773563,4270.0,4265.0,volume_proxy
2023-06-08,4294.38,4295.0,4290.0,4295.0,4300.0,4285.0,4305.0,13510.137690000001,4271.293779483143,4317.466220516857,4295.0,4290.0,volume_proxy
2023-06-09,4299.49,4300.0,4295.0,4300.0,4305.0,4310.0,4290.0,5746.422350000001,4282.53255658407,4316.447443415929,4300.0,4295.0,volume_proxy
2023-06-12,4339.77,4340.0,4335.0,4335.0,4345.0,4350.0,4330.0,8092.004019999999,4303.089263522939,4376.450736477062,4340.0,4335.0,volume_proxy
2023-06-13,4369.3,4370.0,4365.0,4370.0,4375.0,4360.0,4380.0,15621.06149,4329.617268868925,4408.9827311310755,4370.0,4365.0,volume_proxy
2023-06-14,4373.18,4375.0,4355.0,2000.0,4350.0,4400.0,4360.0,-68.66577999999991,4341.8822121264,4404.4777878736,4375.0,4355.0,volume_proxy
2023-06-15,4426.17,4430.0,4425.0,2650.0,4420.0,4440.0,4400.0,-190.0168000000001,4404.81916691574,4447.52083308426,4430.0,4425.0,volume_proxy
2023-06-16,4410.8,4425.0,4400.0,2550.0,4405.0,4415.0,4410.0,-155.70130999999992,4393.980090983145,4427.619909016856,4425.0,4400.0,volume_proxy
2023-06-20,4389.05,4390.0,4385.0,4390.0,4395.0,4400.0,4405.0,4510.27482,4362.706589072253,4415.393410927747,4390.0,4385.0,volume_proxy
2023-06-21,4365.45,4370.0,4365.0,2550.0,4360.0,4375.0,4350.0,-6046.72459,4340.881723220485,4390.018276779515,4370.0,4365.0,volume_proxy
2023-06-22,4381.76,4385.0,4380.0,4390.0,4375.0,4390.0,4370.0,306.29868999999974,4357.894884130666,4405.625115869335,4385.0,4380.0,volume_proxy
2023-06-23,4348.45,4350.0,4345.0,2100.0,4355.0,4340.0,4360.0,-2761.305370000001,4331.66240818972,4365.23759181028,4350.0,4345.0,volume_proxy
2023-06-26,4329.43,4330.0,4325.0,1900.0,4335.0,4340.0,4320.0,-19430.670899999997,4305.279895333654,4353.580104666346,4330.0,4325.0,volume_proxy
2023-06-27,4378.07,4380.0,4375.0,4365.0,4385.0,4370.0,4365.0,11055.22279,4355.27850889708,4400.861491102919,4380.0,4375.0,volume_proxy
2023-06-28,4377.51,4380.0,4375.0,4380.0,4370.0,4385.0,4390.0,1496.0101699999996,4352.74976011047,4402.270239889531,4380.0,4375.0,volume_proxy
2023-06-29,4397.04,4400.0,4395.0,4400.0,4390.0,4405.0,4385.0,2961.9425399999996,4368.475665671242,4425.604334328758,4400.0,4395.0,volume_proxy
2023-06-30,4450.23,4455.0,4415.0,4440.0,4450.0,4445.0,4440.0,4573.19437,4436.372885766823,4464.087114233176,4455.0,4415.0,volume_proxy
2023-07-03,4455.59,4460.0,4430.0,2100.0,4425.0,4470.0,4215.0,-417.57926,4438.543156033077,4472.636843966923,4460.0,4430.0,volume_proxy
2023-07-05,4446.65,4450.0,4445.0,4450.0,4455.0,4440.0,4460.0,2213.70751,4424.570122677178,4468.729877322821,4450.0,4445.0,volume_proxy
2023-07-06,4411.58,4415.0,4410.0,4410.0,4420.0,4405.0,4425.0,3657.8706999999986,4380.82720773022,4442.33279226978,4415.0,4410.0,volume_proxy
2023-07-07,4399.17,4400.0,4395.0,2500.0,4405.0,4410.0,4415.0,-2524.15885,4381.400959046154,4416.939040953846,4400.0,4395.0,volume_proxy
2023-07-10,4410.22,4420.0,4380.0,2200.0,4375.0,4370.0,4415.0,-6121.309229999999,4386.305448393407,4434.134551606594,4420.0,4380.0,volume_proxy
2023-07-11,4439.03,4440.0,4430.0,4435.0,4435.0,4445.0,4450.0,6129.834579999999,4400.288300633545,4477.771699366454,4440.0,4430.0,volume_proxy
2023-07-12,4473.1,4475.0,4465.0,2200.0,4480.0,4460.0,4485.0,-428.8625799999999,4448.46548718288,4497.734512817121,4475.0,4465.0,volume_proxy
2023-07-13,4509.62,4510.0,4500.0,4505.0,4505.0,4515.0,4520.0,4754.592310000001,4485.030090789238,4534.209909210762,4510.0,4500.0,volume_proxy
2023-07-14,4506.4,4510.0,4500.0,2100.0,4505.0,4495.0,4525.0,-1256.0806900000002,4490.290007668112,4522.509992331888,4510.0,4500.0,volume_proxy
2023-07-17,4522.64,4525.0,4520.0,4525.0,4530.0,4515.0,4510.0,1087.43996,4502.501875965498,4542.778124034503,4525.0,4520.0,volume_proxy
2023-07-18,4555.35,4560.0,4555.0,4555.0,4550.0,4565.0,4545.0,4252.673930000001,4533.981517864674,4576.718482135327,4560.0,4555.0,volume_proxy
2023-07-19,4565.25,4570.0,4565.0,2750.0,4575.0,4560.0,4580.0,-6569.74754,4538.740532837805,4591.759467162195,4570.0,4565.0,volume_proxy
2023-07-20,4536.2,4540.0,4535.0,3350.0,4530.0,4545.0,4550.0,-4233.059609999999,4519.770588695084,4552.629411304915,4540.0,4535.0,volume_proxy
2023-07-21,4535.89,4550.0,4500.0,2500.0,4510.0,4515.0,4560.0,-185.74301,4519.4874275460015,4552.292572453999,4550.0,4500.0,volume_proxy
2023-07-24,4554.96,4560.0,4550.0,2550.0,4555.0,4565.0,4545.0,-2154.6381599999995,4532.3035721833285,4577.616427816672,4560.0,4550.0,volume_proxy
2023-07-25,4567.3,4570.0,4565.0,4570.0,4575.0,4580.0,4585.0,2460.8306900000002,4525.747070734287,4608.852929265713,4570.0,4565.0,volume_proxy
2023-07-26,4567.72,4570.0,4565.0,4575.0,4560.0,4580.0,4600.0,294.48326000000003,4542.2392450686,4593.2007549314,4570.0,4565.0,volume_proxy
2023-07-27,4537.82,4540.0,4535.0,2900.0,4530.0,4545.0,4500.0,-349.35716999999994,4502.185217116571,4573.454782883428,4540.0,4535.0,volume_proxy
2023-07-28,4581.96,4585.0,4580.0,4600.0,4590.0,4575.0,4570.0,258.08053000000007,4565.008387196319,4598.911612803681,4585.0,4580.0,volume_proxy
2023-07-31,4589.87,4590.0,4580.0,4590.0,4575.0,4595.0,4600.0,801.8939899999998,4567.006678925431,4612.733321074569,4590.0,4580.0,volume_proxy
2023-08-01,4576.94,4580.0,4575.0,2200.0,4585.0,4570.0,4590.0,-1039.02718,4554.2938962388125,4599.586103761187,4580.0,4575.0,volume_proxy
2023-08-02,4513.65,4515.0,4510.0,4545.0,4520.0,4500.0,4505.0,175.63520999999992,4481.3611190901665,4545.938880909833,4515.0,4510.0,volume_proxy
2023-08-03,4501.06,4505.0,4500.0,2950.0,4510.0,4495.0,4515.0,-1657.06169,4460.186272778896,4541.933727221105,4505.0,4500.0,volume_proxy
2023-08-04,4478.55,4500.0,4445.0,2100.0,4440.0,4450.0,4400.0,-258.10792,4455.54294015449,4501.557059845511,4490.0,4445.0,volume_proxy
2023-08-07,4518.31,4520.0,4515.0,4520.0,4525.0,4510.0,4500.0,4138.974590000002,4494.426967197279,4542.193032802722,4520.0,4515.0,volume_proxy
2023-08-08,4499.08,4500.0,4495.0,4485.0,4505.0,4490.0,4485.0,5213.601489999999,4471.8338605013505,4526.326139498649,4500.0,4495.0,volume_proxy
2023-08-09,4467.98,4470.0,4445.0,2100.0,4440.0,4435.0,4500.0,-265.62917000000004,4422.904776060926,4513.055223939073,4470.0,4445.0,volume_proxy
2023-08-10,4469.23,4470.0,4465.0,2400.0,4475.0,4480.0,4460.0,-2148.1662199999996,4434.069090484068,4504.3909095159315,4470.0,4465.0,volume_proxy
2023-08-11,4463.76,4465.0,4430.0,4520.0,4460.0,4425.0,4420.0,50.7011499999997,4441.808867572277,4485.711132427723,4465.0,4430.0,volume_proxy
2023-08-14,4489.99,4490.0,4485.0,4490.0,4495.0,4500.0,4475.0,15477.232619999999,4462.374644781447,4517.605355218552,4490.0,4485.0,volume_proxy
2023-08-15,4438.11,4440.0,4435.0,2675.0,4430.0,4445.0,4425.0,-504.5596899999999,4404.755346236457,4471.464653763543,4440.0,4435.0,volume_proxy
2023-08-16,4404.07,4405.0,4400.0,2850.0,4420.0,4395.0,4390.0,-6089.693149999998,4369.388434099886,4438.751565900114,4405.0,4400.0,volume_proxy
2023-08-17,4369.74,4375.0,4365.0,2400.0,4370.0,4360.0,4350.0,-174.56653,4346.010543951941,4393.469456048058,4375.0,4365.0,volume_proxy
2023-08-18,4370.44,4400.0,4350.0,2300.0,4300.0,4325.0,4370.0,-327.44363,4345.95514134035,4394.9248586596495,4400.0,4350.0,volume_proxy
2023-08-21,4400.13,4405.0,4400.0,2700.0,4410.0,4395.0,4390.0,-1205.0729700000004,4370.475669168948,4429.784330831052,4405.0,4400.0,volume_proxy
2023-08-22,4387.69,4390.0,4385.0,2300.0,4380.0,4395.0,4375.0,-1910.1926099999998,4356.339501298634,4419.040498701365,4390.0,4385.0,volume_proxy
2023-08-23,4436.39,4440.0,4435.0,1950.0,4430.0,4445.0,4450.0,-750.5756699999997,4400.797171853412,4471.982828146589,4440.0,4435.0,volume_proxy
2023-08-24,4375.7,4380.0,4375.0,2000.0,4370.0,4350.0,4340.0,-1698.70765,4333.661656977536,4417.738343022464,4380.0,4375.0,volume_proxy
2023-08-25,4405.65,4410.0,4385.0,4465.0,4380.0,4415.0,4375.0,68.85278999999997,4382.746848021359,4428.55315197864,4410.0,4385.0,volume_proxy
2023-08-28,4433.62,4435.0,4430.0,4435.0,4440.0,4425.0,4420.0,3789.61346,4405.727127154628,4461.512872845372,4435.0,4430.0,volume_proxy
2023-08-29,4497.7,4500.0,4495.0,4500.0,4505.0,4490.0,4510.0,2100.3434400000006,4469.573982944354,4525.826017055646,4500.0,4495.0,volume_proxy
2023-08-30,4515.48,4520.0,4515.0,2300.0,4510.0,4525.0,4530.0,-2644.33496,4487.993741145709,4542.966258854291,4520.0,4515.0,volume_proxy
2023-08-31,4509.2,4510.0,4505.0,4520.0,4500.0,4515.0,4520.0,357.8110900000001,4478.777934379776,4539.622065620224,4510.0,4505.0,volume_proxy
2023-09-01,4516.02,4520.0,4495.0,2800.0,4515.0,4510.0,4490.0,-2026.7287499999986,4500.730486967983,4531.309513032018,4520.0,4495.0,volume_proxy
2023-09-05,4496.38,4500.0,4495.0,2500.0,4490.0,4505.0,4510.0,-1191.8329199999998,4472.79416252073,4519.96583747927,4500.0,4495.0,volume_proxy
2023-09-06,4465.78,4470.0,4465.0,4470.0,4475.0,4450.0,4480.0,829.1858700000003,4441.18298712965,4490.377012870349,4470.0,4465.0,volume_proxy
2023-09-07,4451.82,4455.0,4450.0,4455.0,4460.0,4465.0,4440.0,1458.5659000000007,4425.749053436906,4477.890946563093,4455.0,4450.0,volume_proxy
2023-09-08,4457.83,4460.0,4455.0,2575.0,4450.0,4465.0,4445.0,-1209.4740999999995,4441.136839709274,4474.523160290726,4460.0,4455.0,volume_proxy
2023-09-11,4487.73,4490.0,4485.0,4490.0,4495.0,4480.0,4500.0,1249.4330299999995,4465.624240860655,4509.835759139344,4490.0,4485.0,volume_proxy
2023-09-12,4461.94,4465.0,4460.0,3000.0,4470.0,4455.0,4475.0,-3601.2741300000007,4428.881269769302,4494.998730230697,4465.0,4460.0,volume_proxy
2023-09-13,4467.77,4470.0,4465.0,4470.0,4475.0,4460.0,4450.0,1599.3314099999996,4442.051733579631,4493.48826642037,4470.0,4465.0,volume_proxy
2023-09-14,4505.26,4510.0,4505.0,2500.0,4500.0,4515.0,4520.0,-3467.2380500000004,4489.757168065217,4520.762831934783,4510.0,4505.0,volume_proxy
2023-09-15,4449.99,4500.0,4425.0,2775.0,4450.0,4445.0,4440.0,-1328.38855,4432.500646727647,4467.4793532723525,4500.0,4445.0,volume_proxy
2023-09-18,4453.66,4455.0,4450.0,2500.0,4460.0,4445.0,4470.0,-1909.1991299999993,4430.862164964982,4476.4578350350175,4455.0,4450.0,volume_proxy
2023-09-19,4444.15,4445.0,4440.0,4445.0,4450.0,4435.0,4455.0,17041.679479999995,4410.02766831519,4478.27233168481,4445.0,4440.0,volume_proxy
2023-09-20,4401.93,4500.0,4395.0,2300.0,4390.0,4400.0,4385.0,-688.2873,4371.521772679637,4432.338227320363,4405.0,4395.0,volume_proxy
2023-09-21,4329.76,4330.0,4325.0,3000.0,4340.0,4335.0,4345.0,-4811.685090000001,4294.134857654803,4365.385142345197,4330.0,4325.0,volume_proxy
2023-09-22,4321.33,4330.0,4315.0,2200.0,4310.0,4300.0,4305.0,-2322.35324,4295.254218364182,4347.405781635818,4330.0,4315.0,volume_proxy
2023-09-25,4337.98,4340.0,4325.0,4375.0,4320.0,4345.0,4300.0,97.92868999999979,4305.988625976033,4369.971374023966,4340.0,4325.0,volume_proxy
2023-09-26,4273.67,4275.0,4270.0,4275.0,4280.0,4265.0,4260.0,1224.8524899999995,4236.178993084431,4311.1610069155695,4275.0,4270.0,volume_proxy
2023-09-27,4274.72,4280.0,4270.0,2500.0,4275.0,4265.0,4260.0,-1012.7924999999998,4234.907995513349,4314.532004486651,4280.0,4270.0,volume_proxy
2023-09-28,4299.14,4300.0,4275.0,4295.0,4295.0,4290.0,4270.0,1341.3547699999997,4256.782340955732,4341.497659044268,4300.0,4275.0,volume_proxy
2023-09-29,4286.6,4290.0,4285.0,1800.0,4280.0,4295.0,4300.0,-544.12155,4257.75535071361,4315.444649286391,4290.0,4285.0,volume_proxy
2023-10-02,4288.24,4290.0,4285.0,4290.0,4280.0,4275.0,4295.0,1420.1200000000001,4256.192685104828,4320.287314895171,4290.0,4285.0,volume_proxy
2023-10-03,4230.29,4235.0,4225.0,2700.0,4230.0,4220.0,4200.0,-1504.91131,4192.2908249939355,4268.289175006064,4235.0,4225.0,volume_proxy
2023-10-04,4265.1,4270.0,4250.0,4260.0,4265.0,4260.0,4255.0,3211.378370000001,4234.124338698325,4296.075661301676,4270.0,4250.0,volume_proxy
2023-10-05,4258.25,4260.0,4250.0,4255.0,4255.0,4265.0,4245.0,2319.6273699999992,4213.6167916219165,4302.8832083780835,4260.0,4250.0,volume_proxy
2023-10-06,4307.68,4310.0,4280.0,4285.0,4305.0,4300.0,4295.0,4062.756819999999,4282.666188816551,4332.69381118345,4310.0,4280.0,volume_proxy
2023-10-09,4334.89,4335.0,4310.0,4325.0,4330.0,4325.0,4300.0,2329.5003399999996,4301.569705459092,4368.210294540909,4335.0,4310.0,volume_proxy
2023-10-10,4358.63,4360.0,4355.0,2500.0,4350.0,4365.0,4340.0,-652.3295300000003,4325.6296862826075,4391.630313717393,4360.0,4355.0,volume_proxy
2023-10-11,4376.78,4380.0,4375.0,4370.0,4370.0,4365.0,4385.0,4036.1568800000005,4338.531960400258,4415.0280395997415,4380.0,4375.0,volume_proxy
2023-10-12,4349.45,4350.0,4345.0,4350.0,4355.0,4340.0,4360.0,8163.6954399999995,4316.763041174732,4382.136958825267,4350.0,4345.0,volume_proxy
2023-10-13,4327.02,4330.0,4325.0,2500.0,4320.0,4335.0,4315.0,-2228.56346,4295.718661660428,4358.321338339573,4330.0,4325.0,volume_proxy
2023-10-16,4371.8,4375.0,4310.0,4370.0,4370.0,4365.0,4360.0,658.2198200000001,4339.13096991951,4404.4690300804905,4375.0,4310.0,volume_proxy
2023-10-17,4373.23,4375.0,4370.0,4375.0,4350.0,4380.0,4400.0,1608.01633,4346.38097895397,4400.079021046029,4375.0,4370.0,volume_proxy
2023-10-18,4314.09,4315.0,4295.0,2500.0,4290.0,4320.0,4300.0,-512.96651,4271.794301588356,4356.385698411645,4315.0,4295.0,volume_proxy
2023-10-19,4277.9,4280.0,4260.0,1900.0,4255.0,4235.0,4250.0,-4953.145520000001,4252.01352355243,4303.786476447569,4280.0,4260.0,volume_proxy
2023-10-20,4223.52,4225.0,4220.0,2550.0,4200.0,4215.0,4205.0,-675.28946,4192.094706756341,4254.94529324366,4225.0,4220.0,volume_proxy
2023-10-23,4216.85,4220.0,4215.0,1800.0,4210.0,4200.0,4205.0,-644.4117899999998,4177.596882376153,4256.1031176238475,4220.0,4215.0,volume_proxy
2023-10-24,4247.7,4250.0,4245.0,4245.0,4255.0,4240.0,4260.0,2688.22018,4209.084199708139,4286.315800291861,4250.0,4245.0,volume_proxy
2023-10-25,4186.74,4190.0,4185.0,1700.0,4180.0,4195.0,4175.0,-3110.61587,4144.537671163178,4228.942328836822,4190.0,4185.0,volume_proxy
2023-10-26,4136.8,4140.0,4130.0,2000.0,4135.0,4125.0,4120.0,-5976.877739999999,4093.374631616793,4180.225368383208,4140.0,4130.0,volume_proxy
2023-10-27,4118.31,4120.0,4115.0,1800.0,4110.0,4100.0,4130.0,-593.9503300000001,4087.9775443892318,4148.6424556107695,4120.0,4115.0,volume_proxy
2023-10-30,4166.56,4170.0,4165.0,4170.0,4175.0,4160.0,4180.0,727.8643000000001,4140.63728782123,4192.482712178771,4170.0,4165.0,volume_proxy
2023-10-31,4193.47,4195.0,4190.0,4190.0,4200.0,4185.0,4205.0,4134.118500000001,4161.219564946577,4225.720435053424,4195.0,4190.0,volume_proxy
2023-11-01,4237.6,4240.0,4235.0,4240.0,4245.0,4250.0,4255.0,740.4056,4202.607683975125,4272.592316024876,4240.0,4235.0,volume_proxy
2023-11-02,4317.96,4320.0,4315.0,4320.0,4325.0,4300.0,4330.0,2551.0248900000006,4283.068441555358,4352.851558444642,4320.0,4315.0,volume_proxy
2023-11-03,4358.2,4360.0,4355.0,4350.0,4365.0,4350.0,4370.0,3177.008379999999,4338.526406674862,4377.873593325137,4360.0,4355.0,volume_proxy
2023-11-06,4367.05,4370.0,4365.0,4400.0,4360.0,4350.0,4375.0,116.97183000000004,4349.622523203332,4384.477476796668,4370.0,4365.0,volume_proxy
2023-11-07,4378.88,4380.0,4375.0,4380.0,4385.0,4400.0,4390.0,2216.1500300000002,4355.665010036102,4402.094989963898,4380.0,4375.0,volume_proxy
2023-11-08,4383.09,4385.0,4380.0,4385.0,4390.0,4375.0,4370.0,3422.57737,4359.635945034407,4406.544054965593,4385.0,4380.0,volume_proxy
2023-11-09,4347.43,4350.0,4345.0,2200.0,4355.0,4360.0,4340.0,-2357.03696,4317.336635873638,4377.523364126362,4350.0,4345.0,volume_proxy
2023-11-10,4415.26,4420.0,4415.0,3300.0,4425.0,4410.0,4405.0,-495.4480299999999,4396.9920776656,4433.5279223344005,4420.0,4415.0,volume_proxy
2023-11-13,4411.21,4415.0,4410.0,2400.0,4420.0,4405.0,4425.0,-2110.1233500000003,4373.662839469622,4448.757160530378,4415.0,4410.0,volume_proxy
2023-11-14,4496.43,4500.0,4485.0,4510.0,4505.0,4510.0,4480.0,365.56067999999993,4466.664834961373,4526.195165038627,4500.0,4485.0,volume_proxy
2023-11-15,4503.53,4505.0,4500.0,2000.0,4510.0,4495.0,4490.0,-910.2535799999999,4478.397395823667,4528.662604176333,4505.0,4500.0,volume_proxy
2023-11-16,4508.52,4510.0,4500.0,4510.0,4515.0,4505.0,4520.0,3061.35156,4490.870194553543,4526.169805446458,4510.0,4500.0,volume_proxy
2023-11-17,4513.7,4520.0,4500.0,4545.0,4530.0,4525.0,4490.0,160.35691999999997,4497.677645345557,4529.722354654443,4520.0,4500.0,volume_proxy
2023-11-20,4548.33,4550.0,4545.0,4550.0,4540.0,4555.0,4560.0,1624.71623,4526.497339175669,4570.1626608243305,4550.0,4545.0,volume_proxy
2023-11-21,4538.33,4540.0,4535.0,4540.0,4545.0,4550.0,4530.0,4107.147339999998,4508.68199348469,4567.97800651531,4540.0,4535.0,volume_proxy
2023-11-22,4556.23,4560.0,4555.0,4570.0,4565.0,4570.0,4550.0,290.25375999999966,4541.996900769352,4570.4630992306475,4560.0,4555.0,volume_proxy
2023-11-24,4559.34,4560.0,4555.0,4560.0,4565.0,4550.0,4570.0,9291.91557,4546.139762980767,4572.540237019233,4560.0,4555.0,volume_proxy
2023-11-27,4550.75,4555.0,4550.0,2400.0,4560.0,4545.0,4565.0,-1864.9365899999998,4531.140317837246,4570.359682162754,4555.0,4550.0,volume_proxy
2023-11-28,4554.83,4555.0,4550.0,4555.0,4560.0,4565.0,4545.0,4350.257869999999,4535.598696370335,4574.0613036296645,4555.0,4550.0,volume_proxy
2023-11-29,4550.28,4560.0,4545.0,4550.0,4550.0,4540.0,4555.0,3587.31795,4525.163108921805,4575.396891078194,4555.0,4545.0,volume_proxy
2023-11-30,4568.79,4570.0,4545.0,2400.0,4565.0,4560.0,4555.0,-10364.200339999998,4541.890145154473,4595.6898548455265,4570.0,4545.0,volume_proxy
2023-12-01,4593.68,4595.0,4590.0,4595.0,4600.0,4605.0,4585.0,6378.7212,4576.64451493954,4610.71548506046,4595.0,4590.0,volume_proxy
2023-12-04,4569.87,4570.0,4565.0,4565.0,4575.0,4580.0,4585.0,8379.0747,4545.689960285966,4594.050039714034,4570.0,4565.0,volume_proxy
2023-12-05,4567.95,4570.0,4565.0,4570.0,4575.0,4560.0,4580.0,1651.9777599999998,4544.923940730851,4590.976059269148,4570.0,4565.0,volume_proxy
2023-12-06,4549.8,4555.0,4545.0,2350.0,4550.0,4560.0,4565.0,-3657.91678,4526.6977638811395,4572.902236118861,4555.0,4545.0,volume_proxy
2023-12-07,4585.0,4585.0,4570.0,4580.0,4580.0,4575.0,4590.0,5109.358410000001,4548.365075321082,4621.634924678918,4585.0,4570.0,volume_proxy
2023-12-08,4604.03,4605.0,4600.0,4595.0,4610.0,4595.0,4615.0,5514.275860000001,4587.14900007197,4620.91099992803,4605.0,4600.0,volume_proxy
2023-12-11,4622.68,4625.0,4620.0,4610.0,4615.0,4630.0,4610.0,5795.84749,4588.069249479453,4657.290750520548,4625.0,4620.0,volume_proxy
2023-12-12,4643.59,4645.0,4640.0,4645.0,4650.0,4635.0,4630.0,3628.2872700000007,4612.838974339317,4674.341025660683,4645.0,4640.0,volume_proxy
2023-12-13,4706.41,4720.0,4675.0,4775.0,4725.0,4670.0,4700.0,80.47824999999999,4675.007266044668,4737.812733955332,4710.0,4675.0,volume_proxy
2023-12-14,4719.46,4720.0,4715.0,4720.0,4725.0,4700.0,4750.0,8331.35409,4695.909536133868,4743.010463866132,4720.0,4715.0,volume_proxy
2023-12-15,4715.06,4750.0,4700.0,5375.0,4735.0,4725.0,4710.0,0.08186999999997102,4699.053545781787,4731.066454218214,4725.0,4700.0,volume_proxy
2023-12-18,4740.46,4745.0,4735.0,4740.0,4740.0,4750.0,4730.0,5531.293519999999,4719.9671399858125,4760.9528600141875,4745.0,4735.0,volume_proxy
2023-12-19,4768.54,4770.0,4765.0,4770.0,4775.0,4760.0,4755.0,4714.78988,4747.781563929188,4789.2984360708115,4770.0,4765.0,volume_proxy
2023-12-20,4698.15,4700.0,4695.0,2825.0,4690.0,4675.0,4730.0,-516.90338,4664.135819274227,4732.164180725772,4700.0,4695.0,volume_proxy
2023-12-21,4747.03,4750.0,4745.0,4745.0,4755.0,4735.0,4740.0,3263.99643,4715.426509058887,4778.6334909411125,4750.0,4745.0,volume_proxy
2023-12-22,4755.11,4760.0,4755.0,3250.0,4750.0,4765.0,4745.0,-2637.5454700000005,4739.716445443426,4770.503554556573,4760.0,4755.0,volume_proxy
2023-12-26,4774.94,4775.0,4770.0,2725.0,4780.0,4785.0,4790.0,-2985.5743900000007,4753.895021477712,4795.984978522287,4775.0,4770.0,volume_proxy
2023-12-27,4782.5,4785.0,4780.0,4785.0,4790.0,4775.0,4770.0,784.7322599999999,4761.704894710533,4803.295105289467,4785.0,4780.0,volume_proxy
2023-12-28,4783.83,4785.0,4780.0,2900.0,4790.0,4775.0,4795.0,-3937.7958500000004,4757.666535652269,4809.993464347731,4785.0,4780.0,volume_proxy
2023-12-29,4772.17,4775.0,4770.0,4780.0,4765.0,4780.0,4760.0,299.26499,4756.761801181572,4787.578198818428,4775.0,4770.0,volume_proxy
