date,symbol,spot,cr,ps,hvl,cr0,ps0,hvl0,gw0,d1_min,d1_max,gex_1,gex_2,gex_3,source,gex_4,gex_5,gex_6,gex_7,gex_8,gex_9,gex_10
2025-07-01,SPX,,6200.0,5500.0,6095.0,,,,,,,,,,quin_backfill,,,,,,,
2025-07-02,SPX,,6300.0,5600.0,6095.0,,,,,,,,,,quin_backfill,,,,,,,
2025-07-03,SPX,,6300.0,5600.0,6040.0,,,,,,,,,,quin_backfill,,,,,,,
2025-07-07,SPX,,6500.0,5500.0,6145.0,,,,,,,,,,quin_backfill,,,,,,,
2025-07-08,SPX,,6300.0,5500.0,6170.0,,,,,,,,,,quin_backfill,,,,,,,
2025-07-09,SPX,,6300.0,5700.0,6145.0,,,,,,,,,,quin_backfill,,,,,,,
2025-07-10,SPX,,6300.0,5700.0,6145.0,,,,,,,,,,quin_backfill,,,,,,,
2025-07-11,SPX,,6300.0,5700.0,6195.0,,,,,,,,,,quin_backfill,,,,,,,
2025-07-14,SPX,,6300.0,5500.0,6195.0,,,,,,,,,,quin_backfill,,,,,,,
2025-07-15,SPX,,6300.0,5700.0,6195.0,,,,,,,,,,quin_backfill,,,,,,,
2025-07-16,SPX,,6300.0,5700.0,6195.0,,,,,,,,,,quin_backfill,,,,,,,
2025-07-17,SPX,,6300.0,6050.0,6195.0,,,,,,,,,,quin_backfill,,,,,,,
2025-07-18,SPX,,6400.0,6050.0,6265.0,,,,,,,,,,quin_backfill,,,,,,,
2025-07-21,SPX,,6500.0,6100.0,6270.0,,,,,,,,,,quin_backfill,,,,,,,
2025-07-22,SPX,,6500.0,6100.0,6270.0,,,,,,,,,,quin_backfill,,,,,,,
2025-07-23,SPX,,6400.0,6100.0,6270.0,,,,,,,,,,quin_backfill,,,,,,,
2025-07-24,SPX,,6400.0,6100.0,6290.0,,,,,,,,,,quin_backfill,,,,,,,
2025-07-25,SPX,,6500.0,5800.0,6285.0,,,,,,,,,,quin_backfill,,,,,,,
2025-07-28,SPX,,6500.0,5800.0,6290.0,,,,,,,,,,quin_backfill,,,,,,,
2025-07-29,SPX,,6500.0,6100.0,6345.0,,,,,,,,,,quin_backfill,,,,,,,
2025-07-30,SPX,,6500.0,6300.0,6345.0,,,,,,,,,,quin_backfill,,,,,,,
2025-07-31,SPX,,6500.0,6300.0,6345.0,,,,,,,,,,quin_backfill,,,,,,,
2025-08-01,SPX,,6500.0,6200.0,6345.0,,,,,,,,,,quin_backfill,,,,,,,
2025-08-04,SPX,,6500.0,6000.0,6290.0,,,,,,,,,,quin_backfill,,,,,,,
2025-08-05,SPX,,6500.0,6200.0,6315.0,,,,,,,,,,quin_backfill,,,,,,,
2025-08-06,SPX,,6500.0,6000.0,6315.0,,,,,,,,,,quin_backfill,,,,,,,
2025-08-07,SPX,,6400.0,6200.0,6315.0,,,,,,,,,,quin_backfill,,,,,,,
2025-08-08,SPX,,6400.0,6000.0,6335.0,,,,,,,,,,quin_backfill,,,,,,,
2025-08-11,SPX,,6500.0,6200.0,6345.0,,,,,,,,,,quin_backfill,,,,,,,
2025-08-12,SPX,,6500.0,6000.0,6345.0,,,,,,,,,,quin_backfill,,,,,,,
2025-08-13,SPX,,6500.0,6000.0,6345.0,,,,,,,,,,quin_backfill,,,,,,,
2025-08-14,SPX,,6500.0,6000.0,6395.0,,,,,,,,,,quin_backfill,,,,,,,
2025-08-15,SPX,,6500.0,6000.0,6395.0,,,,,,,,,,quin_backfill,,,,,,,
2025-08-18,SPX,,6500.0,6000.0,6445.0,,,,,,,,,,quin_backfill,,,,,,,
2025-08-19,SPX,,6500.0,6300.0,6445.0,,,,,,,,,,quin_backfill,,,,,,,
2025-08-20,SPX,,6500.0,6300.0,6445.0,,,,,,,,,,quin_backfill,,,,,,,
2025-08-21,SPX,,6500.0,6300.0,6410.0,,,,,,,,,,quin_backfill,,,,,,,
2025-08-22,SPX,,6500.0,6000.0,6395.0,,,,,,,,,,quin_backfill,,,,,,,
2025-08-25,SPX,,6500.0,6300.0,6445.0,,,,,,,,,,quin_backfill,,,,,,,
2025-08-26,SPX,,6500.0,6000.0,6445.0,,,,,,,,,,quin_backfill,,,,,,,
2025-08-27,SPX,,6500.0,6000.0,6445.0,,,,,,,,,,quin_backfill,,,,,,,
2025-08-28,SPX,,6500.0,6300.0,6445.0,,,,,,,,,,quin_backfill,,,,,,,
2025-08-29,SPX,,6600.0,6400.0,6445.0,,,,,,,,,,quin_backfill,,,,,,,
2025-09-02,SPX,,6600.0,6400.0,6450.0,,,,,,,,,,quin_backfill,,,,,,,
2025-09-03,SPX,,6600.0,6300.0,6445.0,,,,,,,,,,quin_backfill,,,,,,,
2025-09-04,SPX,,6600.0,6300.0,6445.0,,,,,,,,,,quin_backfill,,,,,,,
2025-09-05,SPX,,6600.0,6250.0,6450.0,,,,,,,,,,quin_backfill,,,,,,,
2025-09-08,SPX,,6600.0,6250.0,6450.0,,,,,,,,,,quin_backfill,,,,,,,
2025-09-09,SPX,,6600.0,6300.0,6450.0,,,,,,,,,,quin_backfill,,,,,,,
2025-09-10,SPX,,6600.0,6300.0,6450.0,,,,,,,,,,quin_backfill,,,,,,,
2025-09-11,SPX,,6600.0,6300.0,6495.0,,,,,,,,,,quin_backfill,,,,,,,
2025-09-12,SPX,,6600.0,6300.0,6495.0,,,,,,,,,,quin_backfill,,,,,,,
2025-09-15,SPX,,6650.0,6300.0,6495.0,,,,,,,,,,quin_backfill,,,,,,,
2025-09-16,SPX,,6700.0,6300.0,6495.0,,,,,,,,,,quin_backfill,,,,,,,
2025-09-17,SPX,,6600.0,6300.0,6495.0,,,,,,,,,,quin_backfill,,,,,,,
2025-09-18,SPX,,6650.0,6300.0,6500.0,,,,,,,,,,quin_backfill,,,,,,,
2025-09-19,SPX,,6700.0,6000.0,6500.0,,,,,,,,,,quin_backfill,,,,,,,
2025-09-22,SPX,,6700.0,6000.0,6595.0,,,,,,,,,,quin_backfill,,,,,,,
2025-09-23,SPX,,6700.0,6500.0,6620.0,,,,,,,,,,quin_backfill,,,,,,,
2025-09-24,SPX,,6700.0,6500.0,6645.0,,,,,,,,,,quin_backfill,,,,,,,
2025-09-25,SPX,,6700.0,6500.0,6620.0,,,,,,,,,,quin_backfill,,,,,,,
2025-09-26,SPX,,6700.0,6500.0,6620.0,,,,,,,,,,quin_backfill,,,,,,,
2025-09-29,SPX,,6700.0,6400.0,6620.0,,,,,,,,,,quin_backfill,,,,,,,
2025-09-30,SPX,,6700.0,6400.0,6630.0,,,,,,,,,,quin_backfill,,,,,,,
2025-10-01,SPX,,6800.0,6400.0,6640.0,,,,,,,,,,quin_backfill,,,,,,,
2025-10-02,SPX,,6800.0,6500.0,6640.0,,,,,,,,,,quin_backfill,,,,,,,
2025-10-03,SPX,,6800.0,6500.0,6670.0,,,,,,,,,,quin_backfill,,,,,,,
2025-10-06,SPX,,6800.0,6500.0,6695.0,,,,,,,,,,quin_backfill,,,,,,,
2025-10-07,SPX,,6800.0,6500.0,6695.0,,,,,,,,,,quin_backfill,,,,,,,
2025-10-08,SPX,,6800.0,6500.0,6695.0,,,,,,,,,,quin_backfill,,,,,,,
2025-10-09,SPX,,6800.0,6500.0,6695.0,,,,,,,,,,quin_backfill,,,,,,,
2025-10-10,SPX,,7000.0,6400.0,6695.0,,,,,,,,,,quin_backfill,,,,,,,
2025-10-13,SPX,,7000.0,6500.0,6690.0,,,,,,,,,,quin_backfill,,,,,,,
2025-10-14,SPX,,7000.0,6500.0,6680.0,,,,,,,,,,quin_backfill,,,,,,,
2025-10-15,SPX,,7000.0,6500.0,6680.0,,,,,,,,,,quin_backfill,,,,,,,
2025-10-16,SPX,,7000.0,6500.0,6680.0,,,,,,,,,,quin_backfill,,,,,,,
2025-10-17,SPX,,7000.0,6500.0,6680.0,,,,,,,,,,quin_backfill,,,,,,,
2025-10-20,SPX,,7000.0,6400.0,6680.0,,,,,,,,,,quin_backfill,,,,,,,
2025-10-21,SPX,,7000.0,6500.0,6715.0,,,,,,,,,,quin_backfill,,,,,,,
2025-10-22,SPX,,7000.0,6500.0,6720.0,,,,,,,,,,quin_backfill,,,,,,,
2025-10-23,SPX,,7000.0,6500.0,6695.0,,,,,,,,,,quin_backfill,,,,,,,
2025-10-24,SPX,,7000.0,6500.0,6730.0,,,,,,,,,,quin_backfill,,,,,,,
2025-10-27,SPX,,7000.0,6400.0,6745.0,,,,,,,,,,quin_backfill,,,,,,,
2025-10-28,SPX,,7000.0,6500.0,6745.0,,,,,,,,,,quin_backfill,,,,,,,
2025-10-29,SPX,,7000.0,6500.0,6745.0,,,,,,,,,,quin_backfill,,,,,,,
2025-10-30,SPX,,7000.0,6820.0,6825.0,,,,,,,,,,quin_backfill,,,,,,,
2025-10-31,SPX,,7000.0,6500.0,6825.0,,,,,,,,,,quin_backfill,,,,,,,
2025-11-03,SPX,,7000.0,6500.0,6820.0,,,,,,,,,,quin_backfill,,,,,,,
2025-11-04,SPX,,7000.0,6500.0,6820.0,,,,,,,,,,quin_backfill,,,,,,,
2025-11-05,SPX,,7000.0,6700.0,6795.0,,,,,,,,,,quin_backfill,,,,,,,
2025-11-06,SPX,,7000.0,6700.0,6795.0,,,,,,,,,,quin_backfill,,,,,,,
2025-11-07,SPX,,7000.0,6500.0,6785.0,,,,,,,,,,quin_backfill,,,,,,,
2025-11-10,SPX,,7000.0,6500.0,6750.0,,,,,,,,,,quin_backfill,,,,,,,
2025-11-11,SPX,,7000.0,6500.0,6785.0,,,,,,,,,,quin_backfill,,,,,,,
2025-11-12,SPX,,7000.0,6500.0,6785.0,,,,,,,,,,quin_backfill,,,,,,,
2025-11-13,SPX,,7000.0,6500.0,6785.0,,,,,,,,,,quin_backfill,,,,,,,
2025-11-14,SPX,,7000.0,6500.0,6785.0,,,,,,,,,,quin_backfill,,,,,,,
2025-11-17,SPX,,7000.0,6500.0,6745.0,,,,,,,,,,quin_backfill,,,,,,,
2025-11-18,SPX,,7000.0,6500.0,6735.0,,,,,,,,,,quin_backfill,,,,,,,
2025-11-19,SPX,,7000.0,6500.0,6735.0,,,,,,,,,,quin_backfill,,,,,,,
2025-11-20,SPX,,7000.0,6500.0,6730.0,,,,,,,,,,quin_backfill,,,,,,,
2025-11-21,SPX,,7000.0,6500.0,6730.0,,,,,,,,,,quin_backfill,,,,,,,
2025-11-24,SPX,,7000.0,6500.0,6680.0,,,,,,,,,,quin_backfill,,,,,,,
2025-11-25,SPX,,7000.0,6500.0,6710.0,,,,,,,,,,quin_backfill,,,,,,,
2025-11-26,SPX,,6800.0,6500.0,6720.0,,,,,,,,,,quin_backfill,,,,,,,
2025-11-28,SPX,,6900.0,6500.0,6745.0,,,,,,,,,,quin_backfill,,,,,,,
2025-12-01,SPX,,7000.0,6500.0,6745.0,,,,,,,,,,quin_backfill,,,,,,,
2025-12-02,SPX,,7000.0,6500.0,6775.0,,,,,,,,,,quin_backfill,,,,,,,
2025-12-03,SPX,,7000.0,6500.0,6785.0,,,,,,,,,,quin_backfill,,,,,,,
2025-12-04,SPX,,7000.0,6500.0,6785.0,,,,,,,,,,quin_backfill,,,,,,,
2025-12-05,SPX,,7000.0,6500.0,6785.0,,,,,,,,,,quin_backfill,,,,,,,
2025-12-08,SPX,,7000.0,6500.0,6795.0,,,,,,,,,,quin_backfill,,,,,,,
2025-12-09,SPX,,7000.0,6500.0,6845.0,,,,,,,,,,quin_backfill,,,,,,,
2025-12-10,SPX,,7000.0,6500.0,6795.0,,,,,,,,,,quin_backfill,,,,,,,
2025-12-11,SPX,,7000.0,6500.0,6795.0,,,,,,,,,,quin_backfill,,,,,,,
2025-12-12,SPX,,7000.0,6500.0,6845.0,,,,,,,,,,quin_backfill,,,,,,,
2025-12-15,SPX,,7000.0,6500.0,6835.0,,,,,,,,,,quin_backfill,,,,,,,
2025-12-16,SPX,,7000.0,6500.0,6835.0,,,,,,,,,,quin_backfill,,,,,,,
2025-12-17,SPX,,7000.0,6700.0,6795.0,,,,,,,,,,quin_backfill,,,,,,,
2025-12-18,SPX,,7000.0,6700.0,6795.0,,,,,,,,,,quin_backfill,,,,,,,
2025-12-19,SPX,,7000.0,6500.0,6795.0,,,,,,,,,,quin_backfill,,,,,,,
2025-12-22,SPX,,7000.0,6500.0,6840.0,,,,,,,,,,quin_backfill,,,,,,,
2025-12-23,SPX,,7000.0,6500.0,6845.0,,,,,,,,,,quin_backfill,,,,,,,
2025-12-24,SPX,,7000.0,6500.0,6845.0,,,,,,,,,,quin_backfill,,,,,,,
2025-12-26,SPX,,7000.0,6500.0,6845.0,,,,,,,,,,quin_backfill,,,,,,,
2025-12-29,SPX,,7000.0,6700.0,6880.0,,,,,,,,,,quin_backfill,,,,,,,
2025-12-30,SPX,,7000.0,6700.0,6895.0,,,,,,,,,,quin_backfill,,,,,,,
2025-12-31,SPX,,7000.0,6700.0,6905.0,,,,,,,,,,quin_backfill,,,,,,,
2026-01-02,SPX,,7000.0,6800.0,6895.0,,,,,,,,,,quin_backfill,,,,,,,
2026-01-05,SPX,,7000.0,6700.0,6895.0,,,,,,,,,,quin_backfill,,,,,,,
2026-01-06,SPX,,7000.0,6700.0,6895.0,,,,,,,,,,quin_backfill,,,,,,,
2026-01-07,SPX,,7000.0,6700.0,6900.0,,,,,,,,,,quin_backfill,,,,,,,
2026-01-08,SPX,,7000.0,6700.0,6900.0,,,,,,,,,,quin_backfill,,,,,,,
2026-01-09,SPX,,7000.0,6700.0,6900.0,,,,,,,,,,quin_backfill,,,,,,,
2026-01-12,SPX,,7000.0,6700.0,6925.0,,,,,,,,,,quin_backfill,,,,,,,
2026-01-13,SPX,,7000.0,6700.0,6945.0,,,,,,,,,,quin_backfill,,,,,,,
2026-01-14,SPX,,7000.0,6800.0,6945.0,,,,,,,,,,quin_backfill,,,,,,,
2026-01-15,SPX,,7000.0,6800.0,6935.0,,,,,,,,,,quin_backfill,,,,,,,
2026-01-16,SPX,,7100.0,6900.0,6945.0,,,,,,,,,,quin_backfill,,,,,,,
2026-01-20,SPX,,7100.0,6800.0,6940.0,,,,,,,,,,quin_backfill,,,,,,,
2026-01-21,SPX,,7100.0,6800.0,6925.0,,,,,,,,,,quin_backfill,,,,,,,
2026-01-22,SPX,,7000.0,6800.0,6925.0,,,,,,,,,,quin_backfill,,,,,,,
2026-01-23,SPX,,7100.0,6800.0,6925.0,,,,,,,,,,quin_backfill,,,,,,,
2026-01-26,SPX,,7000.0,6800.0,6925.0,,,,,,,,,,quin_backfill,,,,,,,
2026-01-27,SPX,,7000.0,6800.0,6940.0,,,,,,,,,,quin_backfill,,,,,,,
2026-01-28,SPX,,7100.0,6900.0,6940.0,,,,,,,,,,quin_backfill,,,,,,,
2026-01-29,SPX,,7100.0,6900.0,6940.0,,,,,,,,,,quin_backfill,,,,,,,
2026-01-30,SPX,,7100.0,6800.0,6940.0,,,,,,,,,,quin_backfill,,,,,,,
2026-02-02,SPX,,7100.0,6800.0,6940.0,,,,,,,,,,quin_backfill,,,,,,,
2026-02-03,SPX,,7100.0,6800.0,6960.0,,,,,,,,,,quin_backfill,,,,,,,
2026-02-04,SPX,,7100.0,6800.0,6940.0,,,,,,,,,,quin_backfill,,,,,,,
2026-02-05,SPX,,7100.0,6800.0,6940.0,,,,,,,,,,quin_backfill,,,,,,,
2026-02-06,SPX,,7100.0,6800.0,6940.0,,,,,,,,,,quin_backfill,,,,,,,
2026-02-09,SPX,,7100.0,6800.0,6930.0,,,,,,,,,,quin_backfill,,,,,,,
2026-02-10,SPX,,7100.0,6800.0,6935.0,,,,,,,,,,quin_backfill,,,,,,,
2026-02-11,SPX,,7100.0,6800.0,6935.0,,,,,,,,,,quin_backfill,,,,,,,
2026-02-12,SPX,,7100.0,6800.0,6940.0,,,,,,,,,,quin_backfill,,,,,,,
2026-02-13,SPX,,7100.0,6800.0,6940.0,,,,,,,,,,quin_backfill,,,,,,,
2026-02-17,SPX,,7100.0,6800.0,6940.0,,,,,,,,,,quin_backfill,,,,,,,
2026-02-18,SPX,,7100.0,6800.0,6920.0,,,,,,,,,,quin_backfill,,,,,,,
2026-02-19,SPX,,7100.0,6800.0,6915.0,,,,,,,,,,quin_backfill,,,,,,,
2026-02-20,SPX,,7100.0,6800.0,6900.0,,,,,,,,,,quin_backfill,,,,,,,
2026-02-23,SPX,,7100.0,6800.0,6900.0,,,,,,,,,,quin_backfill,,,,,,,
2026-02-24,SPX,,7100.0,6800.0,6890.0,,,,,,,,,,quin_backfill,,,,,,,
2026-02-25,SPX,,7000.0,6800.0,6890.0,,,,,,,,,,quin_backfill,,,,,,,
2026-02-26,SPX,,7100.0,6800.0,6895.0,,,,,,,,,,quin_backfill,,,,,,,
2026-02-27,SPX,,7100.0,6800.0,6900.0,,,,,,,,,,quin_backfill,,,,,,,
2026-03-02,SPX,,7100.0,6800.0,6890.0,,,,,,,,,,quin_backfill,,,,,,,
2026-03-03,SPX,,7100.0,6800.0,6905.0,,,,,,,,,,quin_backfill,,,,,,,
2026-03-04,SPX,,7100.0,6800.0,6890.0,,,,,,,,,,quin_backfill,,,,,,,
2026-03-05,SPX,,7100.0,6800.0,6890.0,,,,,,,,,,quin_backfill,,,,,,,
2026-03-06,SPX,,7100.0,6700.0,6890.0,,,,,,,,,,quin_backfill,,,,,,,
2026-03-09,SPX,,7100.0,6700.0,6875.0,,,,,,,,,,quin_backfill,,,,,,,
2026-03-10,SPX,,7100.0,6700.0,6850.0,,,,,,,,,,quin_backfill,,,,,,,
2026-03-11,SPX,,7100.0,6700.0,6850.0,,,,,,,,,,quin_backfill,,,,,,,
2026-03-12,SPX,,7100.0,6700.0,6850.0,,,,,,,,,,quin_backfill,,,,,,,
2026-03-13,SPX,,7100.0,6600.0,6850.0,,,,,,,,,,quin_backfill,,,,,,,
2026-03-16,SPX,,7100.0,6500.0,6820.0,,,,,,,,,,quin_backfill,,,,,,,
2026-03-17,SPX,,7100.0,6600.0,6800.0,,,,,,,,,,quin_backfill,,,,,,,
2026-03-18,SPX,,7100.0,6500.0,6800.0,,,,,,,,,,quin_backfill,,,,,,,
2026-03-19,SPX,,7100.0,6600.0,6800.0,,,,,,,,,,quin_backfill,,,,,,,
2026-03-20,SPX,,7100.0,6500.0,6800.0,,,,,,,,,,quin_backfill,,,,,,,
2026-03-23,SPX,,7100.0,6500.0,6800.0,,,,,,,,,,quin_backfill,,,,,,,
2026-03-24,SPX,,7100.0,6500.0,6800.0,,,,,,,,,,quin_backfill,,,,,,,
2026-03-25,SPX,,7100.0,6500.0,6800.0,,,,,,,,,,quin_backfill,,,,,,,
2026-03-26,SPX,,7000.0,6500.0,6800.0,,,,,,,,,,quin_backfill,,,,,,,
2026-03-27,SPX,,7000.0,6400.0,6800.0,,,,,,,,,,quin_backfill,,,,,,,
2026-03-30,SPX,,7000.0,6400.0,6800.0,,,,,,,,,,quin_backfill,,,,,,,
2026-03-31,SPX,,7000.0,6300.0,6550.0,,,,,,,,,,quin_backfill,,,,,,,
2026-04-01,SPX,,7000.0,6500.0,6525.0,,,,,,,,,,quin_backfill,,,,,,,
2026-04-02,SPX,,7000.0,6500.0,6535.0,,,,,,,,,,quin_backfill,,,,,,,
2026-04-06,SPX,,6700.0,6500.0,6575.0,,,,,,,,,,quin_backfill,,,,,,,
2026-04-07,SPX,,7000.0,6400.0,6600.0,,,,,,,,,,quin_backfill,,,,,,,
2026-04-08,SPX,,6800.0,6500.0,6600.0,,,,,,,,,,quin_backfill,,,,,,,
2026-04-09,SPX,,6900.0,6500.0,6640.0,,,,,,,,,,quin_backfill,,,,,,,
2026-04-10,SPX,,6900.0,6500.0,6730.0,,,,,,,,,,quin_backfill,,,,,,,
2026-04-13,SPX,,7000.0,6500.0,6765.0,,,,,,,,,,quin_backfill,,,,,,,
2026-04-14,SPX,,7000.0,6500.0,6800.0,,,,,,,,,,quin_backfill,,,,,,,
2026-04-15,SPX,,7000.0,6500.0,6830.0,,,,,,,,,,quin_backfill,,,,,,,
2026-04-16,SPX,,7050.0,6500.0,6830.0,,,,,,,,,,quin_backfill,,,,,,,
2026-04-17,SPX,,7200.0,6800.0,6860.0,,,,,,,,,,quin_backfill,,,,,,,
2026-04-20,SPX,,7200.0,6800.0,6860.0,,,,,,,,,,quin_backfill,,,,,,,
2026-04-21,SPX,,7200.0,6800.0,6995.0,,,,,,,,,,quin_backfill,,,,,,,
2026-04-22,SPX,,7200.0,6800.0,6995.0,,,,,,,,,,quin_backfill,,,,,,,
2026-04-23,SPX,,7200.0,6800.0,6995.0,,,,,,,,,,quin_backfill,,,,,,,
2026-04-24,SPX,,7200.0,6800.0,6995.0,,,,,,,,,,quin_backfill,,,,,,,
2026-04-27,SPX,,7200.0,6800.0,7005.0,,,,,,,,,,quin_backfill,,,,,,,
2026-04-28,SPX,,7200.0,6800.0,7045.0,,,,,,,,,,quin_backfill,,,,,,,
2026-04-29,SPX,,7200.0,6800.0,7045.0,,,,,,,,,,quin_backfill,,,,,,,
2026-04-30,SPX,,7200.0,6800.0,7045.0,,,,,,,,,,quin_backfill,,,,,,,
2026-05-01,SPX,,7300.0,6800.0,7070.0,,,,,,,,,,quin_backfill,,,,,,,
2026-05-04,SPX,,7300.0,6800.0,7095.0,,,,,,,,,,quin_backfill,,,,,,,
2026-05-05,SPX,,7300.0,6800.0,7095.0,,,,,,,,,,quin_backfill,,,,,,,
2026-05-06,SPX,,7400.0,6800.0,7070.0,,,,,,,,,,quin_backfill,,,,,,,
2026-05-07,SPX,,7400.0,6500.0,7125.0,,,,,,,,,,quin_backfill,,,,,,,
2026-05-08,SPX,,7400.0,6500.0,7195.0,,,,,,,,,,quin_backfill,,,,,,,
2026-05-11,SPX,,7500.0,6500.0,7195.0,,,,,,,,,,quin_backfill,,,,,,,
2026-05-12,SPX,,7500.0,6500.0,7245.0,,,,,,,,,,quin_backfill,,,,,,,
2026-05-13,SPX,,7500.0,6500.0,7295.0,,,,,,,,,,quin_backfill,,,,,,,
2026-05-14,SPX,,7500.0,6500.0,7295.0,,,,,,,,,,quin_backfill,,,,,,,
2026-05-15,SPX,,7500.0,6500.0,7295.0,,,,,,,,,,quin_backfill,,,,,,,
2026-05-18,SPX,,7500.0,7100.0,7395.0,,,,,,,,,,quin_backfill,,,,,,,
2026-05-19,SPX,,7500.0,7100.0,7395.0,,,,,,,,,,quin_backfill,,,,,,,
2026-05-20,SPX,,7500.0,7100.0,7370.0,,,,,,,,,,quin_backfill,,,,,,,
2026-05-21,SPX,,7500.0,7100.0,7365.0,,,,,,,,,,quin_backfill,,,,,,,
2026-05-22,SPX,,7500.0,7100.0,7365.0,,,,,,,,,,quin_backfill,,,,,,,
2026-05-26,SPX,,7600.0,7100.0,7395.0,,,,,,,,,,quin_backfill,,,,,,,
2026-05-27,SPX,,7600.0,7100.0,7395.0,,,,,,,,,,quin_backfill,,,,,,,
2026-05-28,SPX,,7600.0,7100.0,7395.0,,,,,,,,,,quin_backfill,,,,,,,
2026-05-29,SPX,,7600.0,7100.0,7395.0,,,,,,,,,,quin_backfill,,,,,,,
2026-06-01,SPX,,7600.0,7100.0,7395.0,,,,,,,,,,quin_backfill,,,,,,,
2026-06-02,SPX,,7700.0,7300.0,7420.0,,,,,,,,,,quin_backfill,,,,,,,
2026-06-03,SPX,,7700.0,7300.0,7495.0,,,,,,,,,,quin_backfill,,,,,,,
2026-06-04,SPX,,7600.0,7300.0,7495.0,,,,,,,,,,quin_backfill,,,,,,,
2026-06-05,SPX,,7700.0,7300.0,7495.0,,,,,,,,,,quin_backfill,,,,,,,
2026-06-08,SPX,,7600.0,7300.0,7495.0,,,,,,,,,,quin_backfill,,,,,,,
2026-06-09,SPX,,7600.0,7300.0,7490.0,,,,,,,,,,quin_backfill,,,,,,,
2026-06-10,SPX,,8000.0,7200.0,7420.0,,,,,,,,,,quin_backfill,,,,,,,
2026-06-11,SPX,,7500.0,7300.0,7420.0,,,,,,,,,,quin_backfill,,,,,,,
2026-06-12,SPX,,7500.0,7200.0,7415.0,,,,,,,,,,quin_backfill,,,,,,,
2026-06-15,SPX,,7600.0,7200.0,7420.0,,,,,,,,,,quin_backfill,,,,,,,
2026-06-16,SPX,,7600.0,7300.0,7420.0,,,,,,,,,,quin_backfill,,,,,,,
2026-06-17,SPX,,7700.0,7200.0,7495.0,,,,,,,,,,quin_backfill,,,,,,,
2026-06-18,SPX,,7700.0,7300.0,7495.0,,,,,,,,,,quin_backfill,,,,,,,
2026-06-22,SPX,,7700.0,7400.0,7495.0,,,,,,,,,,quin_backfill,,,,,,,
2026-06-23,SPX,,7800.0,7200.0,7495.0,,,,,,,,,,quin_backfill,,,,,,,
2026-06-24,SPX,,7800.0,7200.0,7490.0,,,,,,,,,,quin_backfill,,,,,,,
2026-06-25,SPX,,7800.0,7300.0,7445.0,,,,,,,,,,quin_backfill,,,,,,,
2026-06-26,SPX,,7800.0,7300.0,7445.0,,,,,,,,,,quin_backfill,,,,,,,
2026-06-29,SPX,,7500.0,7300.0,7405.0,,,,,,,,,,quin_backfill,,,,,,,
2026-06-30,SPX,,7500.0,7300.0,7425.0,,,,,,,,,,quin_backfill,,,,,,,
2026-07-15,SPX,,7600.0,7300.0,7495.0,7550.0,7475.0,7530.0,7550.0,7451.62,7580.18,,,,quin,,,,,,,
2026-07-16,AAPL,327.59,325.0,240.0,277.5,325.0,312.5,277.5,325.0,319.58,335.42,320.0,330.0,335.0,api,322.5,327.5,340.0,315.0,317.5,337.5,342.5
2026-07-16,AMZN,249.8,250.0,220.0,242.5,250.0,240.0,242.5,250.0,245.64,264.28,260.0,255.0,247.5,api,252.5,257.5,270.0,245.0,265.0,237.5,267.5
2026-07-16,CL1!,79.86999999999998,85.0,65.0,72.5,78.5,75.0,72.0,78.5,76.21,82.03,80.0,81.5,81.0,api,82.0,77.0,76.0,75.5,74.5,83.0,84.0
2026-07-16,ES1!,7616.75,7700.0,7400.0,7570.0,7600.0,7550.0,7570.0,7600.0,7527.54,7654.46,7650.0,7575.0,7640.0,api,7625.0,7630.0,7500.0,7690.0,7660.0,7675.0,7525.0
2026-07-16,GC1!,3979.9,4150.0,4000.0,4075.0,4085.0,4000.0,4050.0,4085.0,4019.26,4114.54,4100.0,4025.0,4030.0,api,4090.0,4040.0,3980.0,4010.0,3990.0,4130.0,4120.0
2026-07-16,GOOGL,356.19,370.0,320.0,347.5,370.0,345.0,352.5,370.0,358.44,383.4,380.0,365.0,375.0,api,360.0,367.5,390.0,350.0,385.0,395.0,357.5
2026-07-16,META,663.0,700.0,550.0,622.5,700.0,550.0,595.0,700.0,649.24,713.38,650.0,660.0,670.0,api,680.0,690.0,720.0,640.0,730.0,740.0,635.0
2026-07-16,MSFT,400.2,400.0,350.0,380.0,400.0,370.0,377.5,400.0,380.66,410.6,390.0,395.0,405.0,api,410.0,385.0,420.0,375.0,425.0,415.0,372.5
2026-07-16,NQ1!,29715.5,31000.0,28500.0,29750.0,30150.0,29750.0,29770.0,30150.0,29366.63,30220.37,30000.0,30100.0,29500.0,api,29800.0,29700.0,30500.0,29000.0,29300.0,29250.0,29200.0
2026-07-16,NVDA,206.99,215.0,170.0,188.0,215.0,197.5,197.5,215.0,204.15,220.85,220.0,210.0,205.0,api,212.5,207.5,200.0,225.0,202.5,228.0,222.5
2026-07-16,RTY1!,2992.9,3050.0,2950.0,2975.0,2990.0,2960.0,2975.0,2990.0,2946.09,3016.31,3000.0,2970.0,2980.0,api,3010.0,2925.0,3030.0,3025.0,2940.0,2930.0,3020.0
2026-07-16,SPX,7533.75,7600.0,7300.0,7535.0,7600.0,7555.0,7555.0,7600.0,7512.78,7631.62,7550.0,7575.0,7620.0,api,7580.0,7625.0,7500.0,7650.0,7675.0,7475.0,7645.0
2026-07-16,TSLA,390.22,420.0,380.0,392.5,395.0,380.0,392.5,395.0,377.55,411.37,390.0,410.0,402.5,api,405.0,400.0,370.0,415.0,425.0,375.0,365.0
2026-07-17,AAPL,333.95,330.0,240.0,282.5,330.0,315.0,277.5,330.0,327.22,339.3,335.0,332.5,327.5,api,337.5,325.0,340.0,345.0,322.5,342.5,320.0
2026-07-17,AMZN,247.16,250.0,220.0,242.5,250.0,240.0,242.5,250.0,243.43,256.35,245.0,255.0,247.5,api,252.5,260.0,257.5,237.5,262.5,275.0,270.0
2026-07-17,CL1!,81.76999999999998,85.0,65.0,72.75,81.0,77.0,74.0,81.0,76.13,81.65,80.0,81.5,78.5,api,78.0,79.0,76.0,75.0,75.5,74.5,84.0
2026-07-17,ES1!,7494.75,7700.0,7550.0,7575.0,7600.0,7550.0,7575.0,7600.0,7505.88,7632.62,7580.0,7530.0,7625.0,api,7525.0,7630.0,7500.0,7470.0,7475.0,7450.0,7675.0
2026-07-17,GC1!,4023.0,4100.0,4000.0,4095.0,4100.0,3950.0,4025.0,4100.0,3891.76,4068.04,3900.0,3925.0,4050.0,api,3975.0,3980.0,3850.0,4150.0,4075.0,4125.0,4085.0
2026-07-17,GOOGL,346.26,410.0,340.0,355.0,370.0,340.0,355.0,370.0,345.7,363.22,350.0,360.0,357.5,api,362.5,347.5,365.0,345.0,367.5,337.5,342.5
2026-07-17,META,643.1,700.0,550.0,622.5,650.0,652.5,622.5,650.0,642.97,686.11,660.0,670.0,680.0,api,685.0,675.0,640.0,690.0,635.0,625.0,630.0
2026-07-17,MSFT,393.82,400.0,350.0,380.0,400.0,370.0,377.5,400.0,390.41,411.79,410.0,395.0,405.0,api,402.5,397.5,390.0,420.0,385.0,415.0,387.5
2026-07-17,NQ1!,28768.25,30000.0,28500.0,29500.0,29600.0,29000.0,29450.0,29600.0,28742.46,29615.54,29300.0,28800.0,28900.0,api,29100.0,29250.0,29800.0,28700.0,29700.0,28600.0,28400.0
2026-07-17,NVDA,202.64,210.0,170.0,197.5,210.0,197.5,197.5,210.0,201.64,213.16,207.5,205.0,212.5,api,202.5,213.0,200.0,215.0,217.5,216.0,217.0
2026-07-17,RTY1!,2970.8,3050.0,2950.0,2980.0,3025.0,2975.0,2980.0,3025.0,2957.19,3026.01,3000.0,3010.0,2970.0,api,2990.0,3020.0,2925.0,3030.0,2940.0,2930.0,3040.0
2026-07-17,SPX,7457.65,7600.0,7520.0,7540.0,7500.0,7520.0,7545.0,7500.0,7474.85,7594.39,7515.0,7475.0,7575.0,api,7550.0,7525.0,7650.0,7450.0,7620.0,7425.0,7625.0
2026-07-17,TSLA,380.0,420.0,380.0,390.0,395.0,380.0,392.5,395.0,379.15,402.97,400.0,397.5,385.0,api,387.5,382.5,410.0,370.0,405.0,375.0,407.5
2026-07-18,AAPL,333.95,350.0,240.0,282.5,335.0,325.0,327.5,335.0,327.58,339.9,330.0,337.5,332.5,api,340.0,345.0,322.5,342.5,320.0,300.0,360.0
2026-07-18,AMZN,246.8,260.0,220.0,242.5,255.0,257.5,247.5,255.0,240.8,253.66,250.0,245.0,252.5,api,235.0,240.0,237.5,275.0,300.0,270.0,280.0
2026-07-18,CL1!,81.76999999999998,85.0,65.0,72.5,83.0,79.0,79.5,83.0,78.79,84.75,80.0,81.5,81.0,api,84.0,82.0,76.0,87.5,78.0,77.0,86.5
2026-07-18,ES1!,7494.75,7800.0,7470.0,7575.0,7580.0,7470.0,7575.0,7580.0,7425.89,7563.61,7550.0,7500.0,7450.0,api,7475.0,7480.0,7400.0,7600.0,7375.0,7425.0,7410.0
2026-07-18,GC1!,4023.0,4100.0,4000.0,4095.0,4100.0,4000.0,4000.0,4100.0,3973.13,4072.87,4025.0,4040.0,3980.0,api,3990.0,4030.0,3950.0,4075.0,4085.0,3925.0,4090.0
2026-07-18,GOOGL,346.84,410.0,320.0,355.0,375.0,347.5,360.0,375.0,338.45,355.09,350.0,345.0,340.0,api,352.5,342.5,335.0,337.5,362.5,357.5,332.5
2026-07-18,META,640.15,700.0,550.0,622.5,675.0,625.0,660.0,675.0,624.64,667.38,650.0,640.0,655.0,api,635.0,665.0,670.0,680.0,685.0,620.0,605.0
2026-07-18,MSFT,394.15,500.0,350.0,382.5,400.0,380.0,385.0,400.0,383.18,404.46,390.0,395.0,392.5,api,402.5,397.5,410.0,405.0,415.0,375.0,407.5
2026-07-18,NQ1!,28768.25,30000.0,28500.0,29500.0,29080.0,28500.0,29340.0,29080.0,28323.72,29212.78,29000.0,28800.0,28900.0,api,29100.0,29200.0,28000.0,29250.0,29300.0,28300.0,28200.0
2026-07-18,NVDA,202.5,220.0,170.0,197.5,202.5,200.0,200.0,202.5,196.92,208.7,205.0,207.5,210.0,api,195.0,212.5,194.0,192.5,214.0,212.0,213.0
2026-07-18,RTY1!,2970.8,3050.0,2950.0,2990.0,3000.0,2990.0,2990.0,3000.0,2934.01,3007.59,2980.0,2975.0,2970.0,api,2960.0,2940.0,2925.0,2900.0,3025.0,3030.0,3020.0
2026-07-18,SPX,7457.65,7700.0,7300.0,7540.0,7565.0,7490.0,7550.0,7565.0,7392.06,7523.5,7400.0,7500.0,7450.0,api,7510.0,7480.0,7390.0,7375.0,7535.0,7525.0,7380.0
2026-07-18,TSLA,380.08,420.0,350.0,390.0,395.0,385.0,390.0,395.0,369.46,392.22,370.0,380.0,375.0,api,377.5,382.5,360.0,400.0,365.0,392.5,402.5
2026-07-20,AAPL,326.88,350.0,240.0,282.5,335.0,325.0,327.5,335.0,327.58,339.9,330.0,337.5,332.5,api,340.0,345.0,322.5,342.5,320.0,300.0,360.0
2026-07-20,AMZN,249.67,260.0,220.0,242.5,255.0,257.5,247.5,255.0,240.8,253.66,250.0,245.0,252.5,api,235.0,240.0,237.5,275.0,300.0,270.0,280.0
2026-07-20,CL1!,82.41999999999999,85.0,65.0,72.5,83.0,79.0,79.5,83.0,78.79,84.75,80.0,81.5,81.0,api,84.0,82.0,76.0,87.5,78.0,77.0,86.5
2026-07-20,ES1!,7483.25,7800.0,7470.0,7575.0,7580.0,7470.0,7575.0,7580.0,7425.89,7563.61,7550.0,7500.0,7450.0,api,7475.0,7480.0,7400.0,7600.0,7375.0,7425.0,7410.0
2026-07-20,GC1!,4011.8,4100.0,4000.0,4095.0,4100.0,4000.0,4000.0,4100.0,3973.13,4072.87,4025.0,4040.0,3980.0,api,3990.0,4030.0,3950.0,4075.0,4085.0,3925.0,4090.0
2026-07-20,GOOGL,352.34,410.0,320.0,355.0,375.0,347.5,360.0,375.0,338.45,355.09,350.0,345.0,340.0,api,352.5,342.5,335.0,337.5,362.5,357.5,332.5
2026-07-20,META,645.65,700.0,550.0,622.5,675.0,625.0,660.0,675.0,624.64,667.38,650.0,640.0,655.0,api,635.0,665.0,670.0,680.0,685.0,620.0,605.0
2026-07-20,MSFT,400.59,500.0,350.0,382.5,400.0,380.0,385.0,400.0,383.18,404.46,390.0,395.0,392.5,api,402.5,397.5,410.0,405.0,415.0,375.0,407.5
2026-07-20,NQ1!,28777.0,30000.0,28500.0,29500.0,29080.0,28500.0,29340.0,29080.0,28323.72,29212.78,29000.0,28800.0,28900.0,api,29100.0,29200.0,28000.0,29250.0,29300.0,28300.0,28200.0
2026-07-20,NVDA,202.52,220.0,170.0,197.5,202.5,200.0,200.0,202.5,196.92,208.7,205.0,207.5,210.0,api,195.0,212.5,194.0,192.5,214.0,212.0,213.0
2026-07-20,RTY1!,2956.3,3050.0,2950.0,2990.0,3000.0,2990.0,2990.0,3000.0,2934.01,3007.59,2980.0,2975.0,2970.0,api,2960.0,2940.0,2925.0,2900.0,3025.0,3030.0,3020.0
2026-07-20,SPX,7443.33,7700.0,7300.0,7540.0,7565.0,7490.0,7550.0,7565.0,7392.06,7523.5,7400.0,7500.0,7450.0,api,7510.0,7480.0,7390.0,7375.0,7535.0,7525.0,7380.0
2026-07-20,TSLA,376.165,420.0,350.0,390.0,395.0,385.0,390.0,395.0,369.46,392.22,370.0,380.0,375.0,api,377.5,382.5,360.0,400.0,365.0,392.5,402.5
2026-07-21,AAPL,325.22,350.0,315.0,282.5,335.0,325.0,330.0,335.0,318.02,335.16,320.0,327.5,332.5,api,322.5,340.0,310.0,312.5,317.5,337.5,342.5
2026-07-21,AMZN,247.04,260.0,220.0,242.5,252.5,255.0,255.0,252.5,240.83,259.15,250.0,245.0,247.5,api,257.5,265.0,235.0,240.0,262.5,267.5,237.5
2026-07-21,CL1!,84.53999999999999,85.0,65.0,79.25,84.0,82.0,82.0,84.0,79.24,85.6,80.0,81.5,81.0,api,83.0,82.5,87.5,86.0,86.5,78.5,78.0
2026-07-21,ES1!,7542.75,7800.0,7400.0,7520.0,7550.0,7500.0,7500.0,7550.0,7414.12,7552.38,7450.0,7475.0,7425.0,api,7470.0,7420.0,7350.0,7600.0,7375.0,7410.0,7580.0
2026-07-21,GC1!,4082.199999,4100.0,4000.0,4025.0,4030.0,3950.0,4015.0,4030.0,3962.11,4061.49,4050.0,3990.0,3980.0,api,4040.0,3975.0,4085.0,3930.0,4090.0,3925.0,3935.0
2026-07-21,GOOGL,347.74,410.0,320.0,347.5,365.0,357.5,357.5,365.0,339.71,364.27,350.0,360.0,362.5,api,340.0,352.5,370.0,375.0,330.0,372.5,335.0
2026-07-21,META,642.38,700.0,550.0,627.5,670.0,660.0,632.5,670.0,616.17,675.53,650.0,640.0,675.0,api,655.0,635.0,680.0,690.0,685.0,600.0,590.0
2026-07-21,MSFT,397.0,500.0,350.0,382.5,400.0,385.0,390.0,400.0,386.68,417.9,410.0,405.0,415.0,api,395.0,407.5,430.0,420.0,380.0,425.0,375.0
2026-07-21,NQ1!,29289.75,30000.0,28000.0,29000.0,28820.0,28760.0,28780.0,28820.0,28332.36,29221.64,28500.0,28800.0,28700.0,api,28900.0,28600.0,28300.0,28200.0,29500.0,28250.0,28100.0
2026-07-21,NVDA,206.9,210.0,180.0,202.5,212.5,202.5,210.0,212.5,195.2,211.36,200.0,207.5,205.0,api,197.5,215.0,190.0,195.0,217.5,194.0,192.5
2026-07-21,RTY1!,2996.2,3020.0,2950.0,2960.0,3050.0,2940.0,3000.0,3050.0,2920.15,2992.45,2925.0,2980.0,2930.0,api,2975.0,2990.0,2920.0,2900.0,2910.0,3025.0,2890.0
2026-07-21,SPX,7509.18,7600.0,7300.0,7540.0,7540.0,7410.0,7525.0,7540.0,7376.0,7513.46,7400.0,7450.0,7500.0,api,7505.0,7475.0,7550.0,7350.0,7325.0,7370.0,7580.0
2026-07-21,TSLA,379.43,420.0,350.0,380.0,402.5,370.0,385.0,402.5,346.83,392.31,360.0,390.0,375.0,api,355.0,365.0,410.0,345.0,340.0,330.0,400.0
2026-07-22,AAPL,325.72,350.0,315.0,282.5,330.0,325.0,325.0,330.0,321.76,333.72,327.5,332.5,322.5,api,320.0,335.0,317.5,337.5,300.0,340.0,360.0
2026-07-22,AMZN,244.55,260.0,220.0,242.5,252.5,255.0,250.0,252.5,241.14,253.96,245.0,247.5,235.0,api,257.5,240.0,237.5,275.0,300.0,270.0,280.0
2026-07-22,CL1!,86.47999999999999,85.0,65.0,79.25,86.0,82.0,84.25,86.0,81.18,87.9,81.5,87.5,86.5,api,83.0,84.0,90.0,80.0,81.0,89.0,88.0
2026-07-22,ES1!,7541.0,7550.0,7500.0,7520.0,7580.0,7500.0,7520.0,7580.0,7478.42,7607.08,7600.0,7525.0,7555.0,api,7560.0,7565.0,7475.0,7450.0,7470.0,7425.0,7630.0
2026-07-22,GC1!,4135.0,4100.0,4000.0,4090.0,4100.0,4055.0,4065.0,4100.0,4035.71,4128.69,4050.0,4125.0,4110.0,api,4120.0,4085.0,4150.0,4025.0,4175.0,4170.0,4010.0
2026-07-22,GOOGL,327.0,410.0,320.0,347.5,365.0,357.5,357.5,365.0,338.65,355.65,350.0,345.0,340.0,api,352.5,355.0,360.0,335.0,362.5,337.5,332.5
2026-07-22,META,619.71,750.0,550.0,632.5,670.0,640.0,640.0,670.0,622.96,664.66,660.0,650.0,655.0,api,635.0,625.0,680.0,675.0,685.0,620.0,665.0
2026-07-22,MSFT,387.0,450.0,350.0,387.5,405.0,392.5,392.5,405.0,386.79,408.71,400.0,390.0,395.0,api,397.5,407.5,410.0,415.0,380.0,385.0,412.5
2026-07-22,NQ1!,29165.0,30000.0,28000.0,29175.0,29500.0,29000.0,29175.0,29500.0,28926.47,29653.03,29600.0,29550.0,29350.0,api,29400.0,29150.0,28800.0,28900.0,29800.0,28700.0,28600.0
2026-07-22,NVDA,214.48,210.0,180.0,202.5,210.0,200.0,202.5,210.0,201.51,213.07,207.5,205.0,212.5,api,213.0,212.0,215.0,217.5,197.5,216.0,217.0
2026-07-22,RTY1!,2973.599999,3020.0,2950.0,2970.0,3000.0,2975.0,2980.0,3000.0,2961.37,3031.03,3025.0,2990.0,3010.0,api,3030.0,3050.0,2940.0,3060.0,2960.0,2930.0,3040.0
2026-07-22,SPX,7498.95,7600.0,7300.0,7515.0,7550.0,7450.0,7490.0,7550.0,7445.61,7569.03,7500.0,7475.0,7505.0,api,7480.0,7545.0,7400.0,7620.0,7575.0,7625.0,7425.0
2026-07-22,TSLA,362.75,420.0,350.0,380.0,400.0,370.0,380.0,400.0,359.37,398.49,360.0,365.0,387.5,api,382.5,392.5,410.0,355.0,340.0,345.0,405.0
2026-07-23,AAPL,321.21,330.0,315.0,282.5,330.0,325.0,327.5,330.0,317.69,334.09,320.0,332.5,322.5,api,340.0,310.0,335.0,312.5,317.5,337.5,350.0
2026-07-23,AMZN,234.3,250.0,230.0,242.5,250.0,242.5,242.5,250.0,235.77,253.93,245.0,247.5,240.0,api,252.5,237.5,260.0,255.0,235.0,257.5,262.5
2026-07-23,CL1!,92.36,85.0,75.0,79.25,88.0,85.5,86.5,88.0,82.97,89.99,89.0,87.5,83.0,api,86.0,84.0,90.0,80.0,81.5,81.0,92.5
2026-07-23,ES1!,7455.75,7550.0,7500.0,7530.0,7550.0,7500.0,7520.0,7550.0,7476.61,7605.39,7600.0,7570.0,7560.0,api,7580.0,7590.0,7475.0,7450.0,7650.0,7620.0,7470.0
2026-07-23,GC1!,4052.3,4150.0,4000.0,4095.0,4160.0,4105.0,4115.0,4160.0,4089.09,4180.91,4100.0,4125.0,4155.0,api,4165.0,4175.0,4200.0,4075.0,4050.0,4205.0,4085.0
2026-07-23,GOOGL,319.02,410.0,320.0,347.5,370.0,330.0,347.5,370.0,330.09,354.09,350.0,335.0,340.0,api,345.0,352.5,365.0,325.0,360.0,362.5,355.0
2026-07-23,META,605.97,750.0,550.0,627.5,700.0,615.0,627.5,700.0,598.26,656.08,650.0,600.0,655.0,api,640.0,620.0,660.0,670.0,680.0,675.0,580.0
2026-07-23,MSFT,381.97,450.0,350.0,387.5,400.0,370.0,387.5,400.0,375.62,405.06,390.0,405.0,395.0,api,385.0,380.0,410.0,415.0,375.0,365.0,407.5
2026-07-23,NQ1!,28739.25,30000.0,28000.0,29170.0,29500.0,28900.0,29170.0,29500.0,28732.22,29597.78,28800.0,29475.0,29000.0,api,29100.0,29150.0,28500.0,28700.0,28300.0,28600.0,29800.0
2026-07-23,NVDA,208.9,210.0,180.0,202.5,210.0,200.0,200.0,210.0,203.71,220.41,220.0,215.0,212.5,api,207.5,217.5,225.0,228.0,222.5,197.5,227.5
2026-07-23,RTY1!,2949.2,3000.0,2950.0,2970.0,3000.0,2950.0,2980.0,3000.0,2937.91,3009.29,2975.0,2940.0,2990.0,api,2960.0,2925.0,3020.0,3025.0,2920.0,2910.0,3010.0
2026-07-23,SPX,7408.26,7600.0,7300.0,7525.0,7545.0,7525.0,7525.0,7545.0,7436.55,7562.33,7500.0,7450.0,7550.0,api,7475.0,7505.0,7400.0,7620.0,7575.0,7375.0,7425.0
2026-07-23,TSLA,323.1,420.0,350.0,380.0,400.0,370.0,377.5,400.0,358.1,389.92,360.0,365.0,382.5,api,375.0,387.5,355.0,345.0,395.0,402.5,392.5
2026-07-24,AAPL,325.6,350.0,315.0,297.5,330.0,320.0,320.0,330.0,315.81,327.51,325.0,327.5,317.5,api,322.5,310.0,332.5,312.5,300.0,360.0,340.0
2026-07-24,AMZN,232.95,260.0,230.0,242.5,250.0,235.0,242.5,250.0,227.47,239.85,237.5,232.5,227.5,api,240.0,225.0,245.0,222.5,275.0,300.0,270.0
2026-07-24,CL1!,90.35,100.0,77.5,79.25,95.0,89.5,87.75,95.0,88.16,96.56,90.0,89.0,92.5,api,93.0,92.0,85.0,86.5,97.0,86.0,97.5
2026-07-24,ES1!,7448.25,7800.0,7400.0,7500.0,7550.0,7475.0,7525.0,7550.0,7385.16,7526.34,7450.0,7425.0,7470.0,api,7420.0,7430.0,7350.0,7325.0,7330.0,7375.0,7575.0
2026-07-24,GC1!,4048.8,4100.0,4000.0,4045.0,4150.0,3950.0,4045.0,4150.0,4003.66,4100.94,4030.0,4085.0,4060.0,api,4050.0,4075.0,4125.0,3990.0,4120.0,3975.0,4140.0
2026-07-24,GOOGL,319.77,410.0,320.0,345.0,360.0,320.0,345.0,360.0,310.88,324.5,315.0,317.5,322.5,api,312.5,330.0,325.0,310.0,327.5,305.0,307.5
2026-07-24,META,602.8,750.0,550.0,627.5,650.0,615.0,627.5,650.0,587.1,625.1,600.0,620.0,625.0,api,605.0,597.5,640.0,570.0,630.0,635.0,585.0
2026-07-24,MSFT,382.93,450.0,350.0,387.5,390.0,380.0,387.5,390.0,371.69,391.47,382.5,385.0,377.5,api,375.0,372.5,400.0,370.0,365.0,392.5,395.0
2026-07-24,NQ1!,28557.75,30000.0,28000.0,28910.0,29080.0,28500.0,28730.0,29080.0,28319.72,29158.78,28900.0,28800.0,28700.0,api,28400.0,28600.0,28200.0,28300.0,28250.0,28100.0,29500.0
2026-07-24,NVDA,207.5,210.0,185.0,205.0,210.0,205.0,205.0,210.0,203.05,214.47,207.5,212.5,212.0,api,214.0,213.0,220.0,215.0,200.0,217.5,202.5
2026-07-24,RTY1!,2963.2,2960.0,2950.0,2950.0,2960.0,2950.0,2950.0,2960.0,2911.47,2986.93,2925.0,2975.0,2940.0,api,2980.0,2920.0,2875.0,2900.0,3000.0,2880.0,2890.0
2026-07-24,SPX,7411.99,7600.0,7300.0,7535.0,7470.0,7400.0,7520.0,7470.0,7338.31,7479.63,7475.0,7450.0,7380.0,api,7425.0,7390.0,7550.0,7500.0,7290.0,7505.0,7275.0
2026-07-24,TSLA,317.825,500.0,320.0,390.0,400.0,320.0,377.5,400.0,310.3,329.08,325.0,315.0,327.5,api,322.5,317.5,330.0,310.0,335.0,305.0,337.5
2026-07-27,AAPL,336.62,350.0,315.0,287.5,340.0,322.5,322.5,340.0,327.09,338.95,330.0,335.0,327.5,api,332.5,337.5,325.0,342.5,320.0,300.0,345.0
2026-07-27,AMZN,231.67,260.0,230.0,235.0,240.0,230.0,237.5,240.0,226.25,237.97,227.5,232.5,225.0,api,242.5,222.5,275.0,250.0,300.0,280.0,200.0
2026-07-27,CL1!,81.91,100.0,77.5,79.0,94.0,88.0,88.25,94.0,86.06,94.88,90.0,89.0,86.5,api,92.5,93.0,85.0,95.0,82.0,97.0,83.0
2026-07-27,ES1!,7453.5,7800.0,7200.0,7500.0,7550.0,7330.0,7500.0,7550.0,7374.69,7513.31,7400.0,7450.0,7425.0,api,7470.0,7475.0,7350.0,7325.0,7525.0,7575.0,7340.0
2026-07-27,GC1!,4078.599999,4100.0,4000.0,4045.0,4100.0,4000.0,4075.0,4100.0,3999.67,4111.73,4085.0,4025.0,4030.0,api,4050.0,4040.0,4150.0,4125.0,3950.0,4165.0,4120.0
2026-07-27,GOOGL,327.1,410.0,310.0,330.0,325.0,315.0,317.5,325.0,313.6,325.88,320.0,322.5,327.5,api,307.5,312.5,300.0,350.0,400.0,360.0,250.0
2026-07-27,META,595.56,750.0,550.0,597.5,600.0,580.0,597.5,600.0,577.2,613.18,590.0,595.0,610.0,api,585.0,605.0,570.0,560.0,625.0,575.0,630.0
2026-07-27,MSFT,389.2,450.0,350.0,380.0,390.0,380.0,380.0,390.0,371.87,391.53,375.0,385.0,382.5,api,387.5,372.5,400.0,370.0,365.0,392.5,395.0
2026-07-27,NQ1!,28210.0,30000.0,28000.0,29250.0,28575.0,28000.0,28520.0,28575.0,27865.29,28747.71,28500.0,28200.0,28300.0,api,28250.0,27900.0,27500.0,28900.0,28800.0,27700.0,29000.0
2026-07-27,NVDA,196.85,220.0,185.0,205.0,212.5,202.5,207.5,212.5,201.24,212.44,210.0,212.0,215.0,api,200.0,217.5,197.5,216.0,217.0,214.0,213.0
2026-07-27,RTY1!,2960.8,3100.0,2925.0,2980.0,3010.0,2925.0,2980.0,3010.0,2906.71,2981.49,2950.0,2975.0,2940.0,api,2920.0,2910.0,2875.0,2900.0,3000.0,2880.0,2890.0
2026-07-27,SPX,7413.2,7600.0,7300.0,7535.0,7500.0,7450.0,7450.0,7500.0,7346.34,7479.42,7400.0,7475.0,7425.0,api,7430.0,7390.0,7290.0,7505.0,7325.0,7525.0,7530.0
2026-07-27,TSLA,309.49,500.0,300.0,390.0,330.0,310.0,320.0,330.0,303.6,322.46,315.0,305.0,312.5,api,307.5,317.5,295.0,325.0,327.5,322.5,302.5
2026-07-28,AAPL,339.84,350.0,315.0,287.5,340.0,325.0,325.0,340.0,328.31,345.51,330.0,345.0,335.0,api,337.5,332.5,320.0,327.5,347.5,322.5,352.5
2026-07-28,AMZN,230.8,250.0,220.0,235.0,235.0,230.0,230.0,235.0,223.06,239.72,225.0,237.5,227.5,api,232.5,215.0,245.0,247.5,240.0,242.5,222.5
2026-07-28,CL1!,79.13,85.0,77.5,82.5,83.0,79.0,82.5,83.0,78.73,85.09,80.0,82.0,81.5,api,81.0,79.5,77.0,78.0,86.0,78.5,86.5
2026-07-28,ES1!,7467.5,7800.0,7400.0,7450.0,7455.0,7400.0,7440.0,7455.0,7385.12,7521.88,7425.0,7500.0,7470.0,api,7390.0,7410.0,7350.0,7550.0,7325.0,7375.0,7525.0
2026-07-28,GC1!,4088.5,4100.0,4000.0,4095.0,4100.0,4000.0,4095.0,4100.0,4027.83,4129.37,4125.0,4050.0,4085.0,api,4080.0,4120.0,4150.0,4025.0,4165.0,4020.0,4170.0
2026-07-28,GOOGL,334.82,350.0,310.0,320.0,325.0,315.0,320.0,325.0,317.38,335.74,327.5,330.0,332.5,api,322.5,335.0,340.0,337.5,342.5,312.5,300.0
2026-07-28,META,594.5,750.0,550.0,605.0,655.0,550.0,602.5,655.0,557.95,629.79,560.0,570.0,600.0,api,580.0,590.0,650.0,660.0,530.0,640.0,540.0
2026-07-28,MSFT,393.78,450.0,350.0,385.0,430.0,370.0,385.0,430.0,368.53,409.67,400.0,390.0,405.0,api,395.0,392.5,425.0,415.0,365.0,410.0,360.0
2026-07-28,NQ1!,27960.5,30000.0,28000.0,28300.0,28500.0,28000.0,28250.0,28500.0,27777.04,28642.96,28200.0,27800.0,27900.0,api,28550.0,28100.0,27500.0,27700.0,28800.0,29000.0,28900.0
2026-07-28,NVDA,197.1,220.0,190.0,205.0,210.0,200.0,205.0,210.0,188.52,204.5,195.0,202.5,197.5,api,192.5,194.0,185.0,207.5,187.5,182.5,187.0
2026-07-28,RTY1!,2965.2,3100.0,2925.0,2960.0,2975.0,2930.0,2940.0,2975.0,2925.03,2996.57,2950.0,2980.0,2970.0,api,2990.0,2900.0,3000.0,3025.0,2910.0,2890.0,3010.0
2026-07-28,SPX,7428.77,7600.0,7300.0,7505.0,7550.0,7400.0,7490.0,7550.0,7346.43,7481.79,7370.0,7450.0,7425.0,api,7350.0,7475.0,7525.0,7325.0,7500.0,7290.0,7280.0
2026-07-28,TSLA,306.55,500.0,300.0,390.0,350.0,300.0,307.5,350.0,296.24,322.2,320.0,310.0,305.0,api,315.0,302.5,290.0,330.0,325.0,295.0,335.0
2026-07-29,AAPL,338.43,350.0,315.0,297.5,340.0,335.0,335.0,340.0,334.03,346.13,345.0,337.5,342.5,api,330.0,347.5,332.5,360.0,320.0,300.0,310.0
2026-07-29,AMZN,226.0,250.0,220.0,230.0,235.0,225.0,230.0,235.0,224.92,236.8,232.5,227.5,237.5,api,240.0,242.5,222.5,275.0,260.0,300.0,200.0
2026-07-29,CL1!,84.6,85.0,77.5,80.5,83.0,78.0,82.5,83.0,76.11,82.15,82.0,78.5,81.5,api,80.0,81.0,74.0,75.0,84.0,76.0,74.5
2026-07-29,ES1!,7335.25,7800.0,7350.0,7470.0,7500.0,7400.0,7435.0,7500.0,7399.84,7535.16,7450.0,7425.0,7475.0,api,7525.0,7520.0,7550.0,7600.0,7375.0,7380.0,7360.0
2026-07-29,GC1!,4126.0,4510.0,3900.0,4340.0,4750.0,3600.0,4255.0,4750.0,4032.84,4144.16,4050.0,4130.0,4100.0,api,4080.0,4135.0,4025.0,4175.0,4000.0,4160.0,4030.0
2026-07-29,GOOGL,333.6,335.0,320.0,325.0,335.0,327.5,327.5,335.0,327.03,340.39,337.5,340.0,332.5,api,330.0,342.5,345.0,322.5,300.0,350.0,410.0
2026-07-29,META,524.5,750.0,550.0,600.0,655.0,550.0,600.0,655.0,561.72,625.1,570.0,580.0,590.0,api,625.0,575.0,650.0,560.0,640.0,540.0,535.0
2026-07-29,MSFT,401.7,450.0,350.0,385.0,430.0,370.0,385.0,430.0,375.5,411.2,400.0,390.0,405.0,api,410.0,395.0,420.0,425.0,415.0,360.0,375.0
2026-07-29,NQ1!,27259.25,30000.0,28000.0,28020.0,28500.0,27500.0,28020.0,28500.0,27529.97,28391.03,27700.0,27800.0,28200.0,api,27900.0,27600.0,27200.0,27250.0,27300.0,27400.0,28600.0
2026-07-29,NVDA,189.92,220.0,190.0,195.0,202.5,190.0,195.0,202.5,191.35,202.67,200.0,197.5,192.5,api,194.0,193.0,205.0,187.5,207.5,189.0,187.0
2026-07-29,RTY1!,2902.7,3100.0,2925.0,2975.0,2970.0,2980.0,2980.0,2970.0,2931.01,2999.39,2950.0,2960.0,2940.0,api,2990.0,2900.0,3000.0,3025.0,2930.0,2910.0,3010.0
2026-07-29,SPX,7316.16,7600.0,7300.0,7485.0,7490.0,7300.0,7435.0,7490.0,7365.08,7497.78,7400.0,7450.0,7370.0,api,7425.0,7390.0,7550.0,7525.0,7325.0,7350.0,7505.0
2026-07-29,TSLA,296.01,315.0,300.0,310.0,315.0,307.5,307.5,315.0,298.41,316.47,305.0,302.5,312.5,api,290.0,320.0,295.0,325.0,322.5,297.5,317.5
2026-07-30,AAPL,319.64,350.0,315.0,297.5,340.0,315.0,332.5,340.0,329.56,346.82,345.0,330.0,335.0,api,337.5,342.5,355.0,325.0,347.5,352.5,327.5
2026-07-30,AMZN,256.5,250.0,220.0,232.5,237.5,220.0,227.5,237.5,218.16,235.14,230.0,225.0,222.5,api,235.0,215.0,210.0,240.0,217.5,242.5,212.5
2026-07-30,CL1!,83.95999999999998,95.0,77.5,82.5,88.0,84.25,83.0,88.0,80.78,88.42,85.0,81.5,86.0,api,81.0,86.5,90.0,80.0,77.0,78.0,89.0
2026-07-30,ES1!,7474.5,7800.0,7200.0,7450.0,7500.0,7300.0,7455.0,7500.0,7259.0,7411.5,7350.0,7400.0,7325.0,api,7275.0,7375.0,7250.0,7425.0,7225.0,7475.0,7220.0
2026-07-30,GC1!,4162.799999999999,4510.0,3900.0,4340.0,4750.0,3600.0,4255.0,4750.0,4070.6,4181.4,4130.0,4175.0,4160.0,api,4100.0,4080.0,4050.0,4025.0,4225.0,4030.0,4215.0
2026-07-30,GOOGL,334.74,350.0,320.0,325.0,335.0,325.0,325.0,335.0,326.81,346.61,337.5,340.0,327.5,api,342.5,332.5,355.0,347.5,322.5,317.5,352.5
2026-07-30,META,539.89,750.0,550.0,600.0,650.0,550.0,590.0,650.0,558.99,612.23,560.0,570.0,580.0,api,575.0,585.0,540.0,535.0,635.0,545.0,555.0
2026-07-30,MSFT,446.86,450.0,350.0,385.0,400.0,380.0,387.5,400.0,376.45,404.63,390.0,395.0,392.5,api,397.5,402.5,405.0,410.0,415.0,370.0,365.0
2026-07-30,NQ1!,28333.5,31000.0,27000.0,28050.0,27320.0,27000.0,27790.0,27320.0,26798.21,27720.29,27500.0,27600.0,27700.0,api,27300.0,27200.0,28000.0,26500.0,26750.0,27800.0,27750.0
2026-07-30,NVDA,195.43,220.0,180.0,192.5,200.0,190.0,195.0,200.0,182.17,197.85,185.0,187.5,197.5,api,182.5,194.0,205.0,202.5,176.0,175.0,177.5
2026-07-30,RTY1!,2954.9,3100.0,2850.0,2950.0,2980.0,2850.0,2930.0,2980.0,2862.66,2942.74,2925.0,2900.0,2875.0,api,2890.0,2910.0,2825.0,2975.0,2830.0,2960.0,2840.0
2026-07-30,SPX,7437.64,7700.0,7300.0,7490.0,7450.0,7300.0,7445.0,7450.0,7251.81,7391.45,7350.0,7275.0,7280.0,api,7375.0,7260.0,7400.0,7250.0,7200.0,7425.0,7225.0
2026-07-30,TSLA,308.5,500.0,300.0,305.0,310.0,300.0,305.0,310.0,285.45,311.19,290.0,295.0,302.5,api,307.5,297.5,280.0,320.0,285.0,315.0,275.0
2026-07-31,AAPL,307.0,350.0,315.0,297.5,345.0,325.0,335.0,345.0,327.63,339.23,330.0,332.5,337.5,api,340.0,342.5,327.5,322.5,360.0,320.0,300.0
2026-07-31,AMZN,270.84,250.0,220.0,230.0,265.0,220.0,227.5,265.0,229.05,241.95,240.0,237.5,235.0,api,232.5,245.0,225.0,247.5,242.5,260.0,275.0
2026-07-31,CL1!,86.79999999999998,85.0,77.5,82.5,85.0,81.0,83.5,85.0,80.43,87.49,81.5,86.0,86.5,api,84.0,82.0,90.0,80.0,78.0,77.0,87.5
2026-07-31,ES1!,7503.5,7550.0,7350.0,7450.0,7550.0,7400.0,7480.0,7550.0,7409.52,7539.48,7425.0,7500.0,7475.0,api,7455.0,7535.0,7600.0,7380.0,7540.0,7375.0,7575.0
2026-07-31,GC1!,4098.6,4510.0,3900.0,4340.0,4750.0,3600.0,4265.0,4750.0,4110.69,4214.91,4175.0,4130.0,4160.0,api,4125.0,4135.0,4250.0,4100.0,4225.0,4080.0,4245.0
2026-07-31,GOOGL,354.61,335.0,320.0,332.5,335.0,325.0,325.0,335.0,327.0,340.32,337.5,327.5,330.0,api,340.0,345.0,342.5,322.5,375.0,350.0,300.0
2026-07-31,META,556.5,750.0,550.0,600.0,600.0,550.0,590.0,600.0,526.54,551.52,530.0,540.0,535.0,api,545.0,537.5,560.0,520.0,555.0,525.0,515.0
2026-07-31,MSFT,463.66,450.0,350.0,385.0,450.0,380.0,387.5,450.0,442.08,460.12,460.0,455.0,445.0,api,452.5,447.5,440.0,435.0,465.0,437.5,462.5
2026-07-31,NQ1!,28287.0,28500.0,28000.0,28060.0,28500.0,28000.0,28060.0,28500.0,27909.34,28757.66,28070.0,28700.0,28600.0,api,28250.0,28350.0,27500.0,27800.0,29000.0,27600.0,27750.0
2026-07-31,NVDA,199.85,200.0,190.0,192.5,200.0,190.0,195.0,200.0,189.68,200.4,197.5,194.0,193.0,api,191.0,192.0,205.0,185.0,202.5,187.5,189.0
2026-07-31,RTY1!,2928.4,2975.0,2925.0,2950.0,2975.0,2925.0,2940.0,2975.0,2919.24,2990.56,2960.0,2980.0,2990.0,api,2920.0,2930.0,2900.0,3000.0,2910.0,2890.0,3025.0
2026-07-31,SPX,7489.77,7700.0,7300.0,7480.0,7500.0,7400.0,7450.0,7500.0,7370.23,7507.21,7375.0,7440.0,7425.0,api,7445.0,7430.0,7550.0,7350.0,7325.0,7525.0,7575.0
2026-07-31,TSLA,309.55,315.0,300.0,305.0,310.0,300.0,305.0,310.0,300.05,317.65,307.5,312.5,302.5,api,317.5,320.0,325.0,295.0,322.5,297.5,292.5
2026-08-03,AAPL,303.56,350.0,315.0,307.5,335.0,310.0,332.5,335.0,303.77,314.05,305.0,312.5,300.0,api,317.5,302.5,320.0,360.0,250.0,340.0,280.0
2026-08-03,AMZN,282.5,270.0,220.0,230.0,265.0,282.5,235.0,265.0,266.25,276.91,275.0,272.5,267.5,api,280.0,262.5,277.5,250.0,260.0,300.0,285.0
2026-08-03,CL1!,80.05999999999997,95.0,77.5,80.5,92.0,82.0,82.75,92.0,83.2,90.4,85.0,90.0,87.5,api,86.5,86.0,81.5,80.0,81.0,92.5,83.0
2026-08-03,ES1!,7631.25,7600.0,7200.0,7450.0,7475.0,7450.0,7415.0,7475.0,7439.33,7567.67,7550.0,7525.0,7535.0,api,7500.0,7520.0,7400.0,7575.0,7610.0,7570.0,7620.0
2026-08-03,GC1!,4110.899998999999,4510.0,3900.0,4340.0,4450.0,3600.0,4265.0,4450.0,4042.93,4154.27,4050.0,4130.0,4100.0,api,4125.0,4080.0,4025.0,4175.0,4000.0,4160.0,4030.0
2026-08-03,GOOGL,371.68,375.0,320.0,330.0,360.0,330.0,330.0,360.0,348.89,363.37,350.0,357.5,355.0,api,352.5,362.5,370.0,365.0,347.5,342.5,345.0
2026-08-03,META,589.31,750.0,550.0,560.0,580.0,545.0,527.5,580.0,543.41,570.01,565.0,570.0,562.5,api,555.0,552.5,540.0,535.0,575.0,577.5,542.5
2026-08-03,MSFT,487.0,500.0,350.0,390.0,470.0,440.0,447.5,470.0,455.86,473.58,460.0,465.0,472.5,api,457.5,467.5,450.0,480.0,455.0,475.0,452.5
2026-08-03,NQ1!,28929.25,29000.0,28000.0,28040.0,28100.0,27840.0,27970.0,28100.0,27875.25,28698.75,28550.0,28650.0,28300.0,api,28050.0,28200.0,27500.0,27800.0,27600.0,27750.0,28800.0
2026-08-03,NVDA,206.68,220.0,180.0,192.0,200.0,190.0,195.0,200.0,195.35,206.15,205.0,197.5,202.5,api,210.0,207.5,194.0,192.5,193.0,191.0,250.0
2026-08-03,RTY1!,2992.4,2960.0,2850.0,2950.0,2950.0,2925.0,2925.0,2950.0,2893.89,2962.91,2900.0,2930.0,2940.0,api,2920.0,2910.0,2875.0,2975.0,2890.0,2980.0,2990.0
2026-08-03,SPX,7600.46,7550.0,7300.0,7480.0,7530.0,7425.0,7465.0,7530.0,7427.6,7551.74,7500.0,7450.0,7525.0,api,7475.0,7540.0,7400.0,7575.0,7600.0,7375.0,7555.0
2026-08-03,TSLA,322.35,315.0,300.0,310.0,320.0,302.5,305.0,320.0,302.25,320.17,317.5,312.5,307.5,api,325.0,295.0,327.5,322.5,297.5,400.0,280.0
2026-08-04,AAPL,311.4,320.0,300.0,300.0,310.0,300.0,300.0,310.0,295.99,310.85,305.0,302.5,297.5,api,307.5,290.0,295.0,315.0,312.5,317.5,292.5
2026-08-04,AMZN,277.87,280.0,220.0,232.5,280.0,300.0,265.0,280.0,275.82,292.22,290.0,285.0,282.5,api,277.5,287.5,275.0,270.0,295.0,272.5,297.5
2026-08-04,CL1!,75.13999999999999,90.0,77.5,80.25,82.0,80.0,80.0,82.0,77.0,83.12,78.5,78.0,81.0,api,81.5,83.0,74.0,75.0,85.0,76.0,
2026-08-04,ES1!,7774.5,7650.0,7500.0,7525.0,7650.0,7525.0,7570.0,7650.0,7567.96,7694.54,7600.0,7625.0,7675.0,api,7660.0,7630.0,7700.0,7750.0,7725.0,7720.0,7550.0
2026-08-04,GC1!,4134.2,4510.0,3900.0,4340.0,4750.0,3600.0,4265.0,4750.0,4056.11,4165.69,4130.0,4160.0,4125.0,api,4100.0,4080.0,4050.0,4025.0,4175.0,4030.0,4215.0
2026-08-04,GOOGL,380.39,375.0,320.0,345.0,377.5,350.0,350.0,377.5,362.19,384.83,380.0,370.0,365.0,api,367.5,362.5,360.0,390.0,385.0,395.0,355.0
2026-08-04,META,588.24,750.0,550.0,560.0,605.0,580.0,545.0,605.0,569.78,610.7,600.0,585.0,575.0,api,570.0,595.0,620.0,630.0,565.0,555.0,615.0
2026-08-04,MSFT,493.4,500.0,350.0,390.0,480.0,450.0,455.0,480.0,474.7,500.6,490.0,475.0,485.0,api,495.0,477.5,470.0,465.0,510.0,505.0,472.5
2026-08-04,NQ1!,29818.25,29000.0,28000.0,28620.0,29250.0,28890.0,28710.0,29250.0,28536.29,29322.21,28900.0,29200.0,29100.0,api,29300.0,28750.0,29700.0,29400.0,29500.0,28500.0,28250.0
2026-08-04,NVDA,215.6,210.0,185.0,192.5,205.0,195.0,197.5,205.0,198.78,214.5,200.0,207.5,202.5,api,212.5,214.0,220.0,215.0,194.0,217.5,216.0
2026-08-04,RTY1!,3047.8999999999996,3050.0,2850.0,2980.0,2960.0,2980.0,2980.0,2960.0,2957.79,3027.01,3025.0,3000.0,2975.0,api,2990.0,3010.0,2950.0,2925.0,2940.0,3030.0,3040.0
2026-08-04,SPX,7736.49,7600.0,7300.0,7485.0,7600.0,7475.0,7475.0,7600.0,7541.23,7661.59,7550.0,7650.0,7575.0,api,7610.0,7625.0,7700.0,7500.0,7675.0,7530.0,7525.0
2026-08-04,TSLA,326.0,330.0,300.0,310.0,320.0,305.0,297.5,320.0,309.23,334.93,315.0,317.5,312.5,api,332.5,327.5,340.0,335.0,337.5,307.5,345.0
