date,strat,k_live,cr_live,pnl_live,exit_live,k_bt,cr_bt,exit_bt,pnl_bt,d_cr,d_pnl
2026-08-06,eodfly_c,7725.0,11.5,-131.30000000000007,stop,7725.0,10.4,stop,-336.52,1.1,205.2
2026-08-06,eodfly_p,7725.0,7.1,-471.3000000000001,stop,7725.0,8.4,stop,-286.52,-1.3,-184.8
2026-08-06,eodic_c,7800.0,0.4,37.4,exp,7800.0,0.45,settle,41.74,-0.05,-4.3
2026-08-06,eodic_p,7645.0,0.65,62.4,exp,7645.0,0.75,settle,71.74,-0.1,-9.3
2026-08-06,openfly_c,7735.0,9.2,-181.30000000000007,stop,7735.0,9.9,stop,-116.52,-0.7,-64.8
2026-08-06,openfly_p,7735.0,8.4,-41.30000000000003,stop,7735.0,7.6,stop,-86.52,0.8,45.2
2026-08-06,openic_c,7815.0,0.15,12.4,exp,7815.0,0.2,settle,16.74,-0.05,-4.3
2026-08-06,openic_p,7660.0,0.55,52.400000000000006,exp,7660.0,0.5,settle,46.74,0.05,5.7
2026-08-07,eodfly_c,7710.0,15.3,-211.29999999999978,stop,7710.0,15.1,stop,-206.52,0.2,-4.8
2026-08-07,eodfly_p,7710.0,5.0,497.4,exp,7710.0,5.1,settle,506.74,-0.1,-9.3
2026-08-07,eodic_c,7785.0,1.6,157.4,exp,7785.0,1.65,settle,161.74,-0.05,-4.3
2026-08-07,eodic_p,7635.0,0.45,42.4,exp,7635.0,0.45,settle,41.74,0.0,0.7
2026-08-07,openfly_c,7730.0,12.2,-31.30000000000007,stop,7735.0,10.5,stop,-166.52,1.7,135.2
2026-08-07,openfly_p,7730.0,7.9,787.4,exp,7735.0,8.5,stop,-226.52,-0.6,1013.9
2026-08-07,openic_c,7805.0,0.6,57.4,exp,7810.0,0.45,settle,41.74,0.15,15.7
2026-08-07,openic_p,7655.0,0.7,67.4,exp,7665.0,0.85,settle,81.74,-0.15,-14.3
2026-08-10,eodfly_c,7760.0,7.9,-201.3,stop,7760.0,7.9,stop,-206.52,0.0,5.2
2026-08-10,eodfly_p,7760.0,7.7,118.70000000000002,stop,7760.0,9.1,stop,-196.52,-1.4,315.2
2026-08-10,eodic_c,,,,,7835.0,0.15,settle,11.74,,
2026-08-10,eodic_p,7680.0,0.1,7.4,exp,7680.0,0.35,settle,31.74,-0.25,-24.3
2026-08-10,openfly_c,7760.0,7.9,-176.3,stop,7755.0,9.6,stop,-106.52,-1.7,-69.8
2026-08-10,openfly_p,7760.0,7.1,73.7,stop,7755.0,7.4,stop,-206.52,-0.3,280.2
2026-08-10,openic_c,,,,,7835.0,0.1,settle,6.74,,
2026-08-10,openic_p,7680.0,0.1,7.4,exp,7680.0,0.25,settle,21.74,-0.15,-14.3
2026-08-11,eodfly_c,7755.0,10.4,58.69999999999997,stop,7755.0,11.3,stop,53.48,-0.9,5.2
2026-08-11,eodfly_p,7755.0,6.6,-231.30000000000007,stop,7755.0,5.9,stop,-216.52,0.7,-14.8
2026-08-11,eodic_c,7830.0,0.15,12.4,exp,7830.0,0.15,settle,11.74,0.0,0.7
2026-08-11,eodic_p,7675.0,0.15,12.4,exp,7675.0,0.15,settle,11.74,0.0,0.7
2026-08-11,openfly_c,7765.0,6.85,682.4,exp,7760.0,8.3,settle,826.74,-1.45,-144.3
2026-08-11,openfly_p,7765.0,10.1,-41.30000000000003,stop,7760.0,8.4,stop,33.48,1.7,-74.8
2026-08-11,openic_c,,,,,7835.0,0.05,SKIP,,,
2026-08-11,openic_p,7685.0,0.35,32.4,exp,7680.0,0.25,settle,21.74,0.1,10.7
2026-08-12,eodfly_c,7730.0,15.8,-21.29999999999993,stop,7730.0,17.4,stop,203.48,-1.6,-224.8
2026-08-12,eodfly_p,7730.0,4.15,412.40000000000003,exp,7730.0,3.2,settle,316.74,0.95,95.7
2026-08-12,eodic_c,7805.0,1.8,177.4,exp,7805.0,1.65,settle,161.74,0.15,15.7
2026-08-12,eodic_p,7655.0,0.15,12.4,exp,7655.0,0.15,settle,11.74,0.0,0.7
2026-08-12,openfly_c,7740.0,11.0,-61.29999999999996,stop,7745.0,9.0,stop,-156.52,2.0,95.2
2026-08-12,openfly_p,7740.0,6.5,628.7,time,7745.0,7.9,stop,-56.52,-1.4,685.2
2026-08-12,openic_c,7815.0,0.15,12.4,exp,7820.0,0.1,settle,6.74,0.05,5.7
2026-08-12,openic_p,7665.0,0.3,27.4,exp,7670.0,0.3,settle,26.74,0.0,0.7
2026-08-13,eodfly_c,7750.0,15.0,-411.3000000000001,stop,7750.0,14.4,stop,-586.52,0.6,175.2
2026-08-13,eodfly_p,7750.0,3.45,342.4,exp,7750.0,3.9,settle,386.74,-0.45,-44.3
2026-08-13,eodic_c,7820.0,0.35,32.4,exp,7820.0,0.3,settle,26.74,0.05,5.7
2026-08-13,eodic_p,7675.0,0.09999999999999998,7.399999999999999,exp,7675.0,0.1,settle,6.74,-0.0,0.7
2026-08-13,openfly_c,7765.0,10.5,-321.29999999999995,stop,7770.0,8.4,stop,-396.52,2.1,75.2
2026-08-13,openfly_p,7765.0,6.2,617.4,exp,7770.0,7.5,settle,746.74,-1.3,-129.3
2026-08-13,openic_c,,,,,7840.0,0.05,SKIP,,,
2026-08-13,openic_p,7695.0,0.2,17.4,exp,7700.0,0.3,settle,26.74,-0.1,-9.3
2026-08-14,eodfly_c,7800.0,9.3,-11.299999999999965,stop,7800.0,9.2,stop,13.48,0.1,-24.8
2026-08-14,eodfly_p,7800.0,6.7,-251.29999999999993,stop,7800.0,7.1,stop,-236.52,-0.4,-14.8
2026-08-14,eodic_c,7870.0,0.15,12.4,exp,7870.0,0.1,settle,6.74,0.05,5.7
2026-08-14,eodic_p,7725.0,0.2,17.4,exp,7725.0,0.2,settle,16.74,0.0,0.7
2026-08-14,openfly_c,7810.0,7.15,712.4,exp,7810.0,7.2,settle,716.74,-0.05,-4.3
2026-08-14,openfly_p,7810.0,7.05,-226.3000000000001,stop,7810.0,7.0,stop,-226.52,0.05,0.2
2026-08-14,openic_c,,,,,7880.0,0.05,SKIP,,,
2026-08-14,openic_p,7735.0,0.1,7.4,exp,7735.0,0.1,settle,6.74,0.0,0.7
2026-08-17,eodfly_c,7785.0,8.5,847.4,exp,7785.0,8.85,settle,881.74,-0.35,-34.3
2026-08-17,eodfly_p,7785.0,6.05,-336.30000000000007,stop,7785.0,6.4,stop,-276.52,-0.35,-59.8
2026-08-17,eodic_c,,,,,7860.0,0.0,SKIP,,,
2026-08-17,eodic_p,7710.0,0.2,17.4,exp,7710.0,0.2,settle,16.74,0.0,0.7
2026-08-17,openfly_c,7785.0,6.65,662.4,exp,7780.0,8.5,settle,846.74,-1.85,-184.3
2026-08-17,openfly_p,7785.0,8.4,-101.3,stop,7780.0,6.7,stop,-136.52,1.7,35.2
2026-08-17,openic_c,,,,,7855.0,0.05,SKIP,,,
2026-08-17,openic_p,7715.0,0.25,22.4,exp,7710.0,0.25,settle,21.74,0.0,0.7
2026-08-18,eodfly_c,7745.0,1.35,132.4,exp,7745.0,1.55,settle,151.74,-0.2,-19.3
2026-08-18,eodfly_p,7745.0,18.9,-41.30000000000021,stop,7745.0,18.4,stop,33.48,0.5,-74.8
2026-08-18,eodic_c,7825.0,0.0,-2.6,exp,7825.0,-0.05,SKIP,,0.05,
2026-08-18,eodic_p,7665.0,1.5999999999999999,157.4,exp,7665.0,1.75,settle,171.74,-0.15,-14.3
2026-08-18,openfly_c,7710.0,10.1,1007.4,exp,7705.0,9.7,stop,-76.52,0.4,1083.9
2026-08-18,openfly_p,7710.0,9.5,-31.30000000000007,stop,7705.0,7.9,stop,-156.52,1.6,125.2
2026-08-18,openic_c,,,,,7785.0,0.1,settle,6.74,,
2026-08-18,openic_p,7630.0,0.5,47.4,exp,7625.0,0.3,settle,26.74,0.2,20.7
2026-08-19,eodfly_c,7690.0,19.0,218.69999999999993,stop,7690.0,18.7,stop,173.48,0.3,45.2
2026-08-19,eodfly_p,7690.0,1.9,187.4,exp,7690.0,1.9,time,168.48,0.0,18.9
2026-08-19,eodic_c,7770.0,0.75,72.4,exp,7770.0,0.6,settle,56.74,0.15,15.7
2026-08-19,eodic_p,,,,,7615.0,0.0,SKIP,,,
2026-08-19,openfly_c,7715.0,9.5,947.4,exp,7715.0,9.5,stop,-436.52,0.0,1383.9
2026-08-19,openfly_p,7715.0,7.0,-4.6,exp,7715.0,6.7,stop,88.48,0.3,-93.1
2026-08-19,openic_c,7795.0,0.0,-2.6,exp,7795.0,0.0,SKIP,,0.0,
2026-08-19,openic_p,7640.0,0.2,17.4,exp,7640.0,0.2,settle,16.74,0.0,0.7
2026-08-20,eodfly_c,7710.0,3.15,312.4,exp,7710.0,2.4,settle,236.74,0.75,75.7
2026-08-20,eodfly_p,7710.0,14.999999999999998,258.69999999999976,stop,7710.0,16.7,stop,213.48,-1.7,45.2
2026-08-20,eodic_c,,,,,7780.0,0.0,SKIP,,,
2026-08-20,eodic_p,7635.0,1.65,162.4,exp,7635.0,1.9,time,163.48,-0.25,-1.1
2026-08-20,openfly_c,7680.0,10.9,-321.29999999999995,stop,7685.0,9.7,stop,-326.52,1.2,5.2
2026-08-20,openfly_p,7680.0,7.1,-271.3000000000001,stop,7685.0,7.7,stop,-146.52,-0.6,-124.8
2026-08-20,openic_c,7755.0,0.15,12.4,exp,7760.0,0.1,settle,6.74,0.05,5.7
2026-08-20,openic_p,7610.0,0.5,47.4,exp,7610.0,0.5,settle,46.74,0.0,0.7
2026-08-21,eodfly_c,7640.0,18.6,-71.29999999999993,stop,7640.0,18.6,stop,3.48,0.0,-74.8
2026-08-21,eodfly_p,7640.0,2.5,247.4,exp,7640.0,2.3,settle,226.74,0.2,20.7
2026-08-21,eodic_c,7715.0,1.2,117.4,exp,7715.0,1.2,settle,116.74,0.0,0.7
2026-08-21,eodic_p,7565.0,0.1,7.4,exp,7565.0,0.1,settle,6.74,0.0,0.7
2026-08-21,openfly_c,7675.0,7.1,-131.30000000000007,stop,7670.0,9.2,stop,-306.52,-2.1,175.2
2026-08-21,openfly_p,7675.0,9.0,38.70000000000004,stop,7670.0,7.7,stop,-106.52,1.3,145.2
2026-08-21,openic_c,7750.0,0.15,12.4,exp,7745.0,0.2,settle,16.74,-0.05,-4.3
2026-08-21,openic_p,7600.0,0.55,52.400000000000006,exp,7595.0,0.4,settle,36.74,0.15,15.7
2026-08-24,eodfly_c,7675.0,2.5,247.4,exp,7675.0,3.5,settle,346.74,-1.0,-99.3
2026-08-24,eodfly_p,7675.0,13.6,-501.3000000000002,stop,7675.0,13.7,stop,-116.52,-0.1,-384.8
2026-08-24,eodic_c,,,,,7750.0,0.05,SKIP,,,
2026-08-24,eodic_p,7595.0,0.6,57.4,exp,7595.0,0.65,settle,61.74,-0.05,-4.3
2026-08-24,openfly_c,7665.0,4.95,-196.30000000000004,stop,7655.0,8.85,stop,-71.52,-3.9,-124.8
2026-08-24,openfly_p,7665.0,11.1,-411.29999999999995,stop,7655.0,7.4,stop,-166.52,3.7,-244.8
2026-08-24,openic_c,,,,,7730.0,0.05,SKIP,,,
2026-08-24,openic_p,7585.0,0.3,27.4,exp,7580.0,0.25,settle,21.74,0.05,5.7
2026-08-25,eodfly_c,7655.0,17.8,-11.299999999999788,stop,7655.0,-10.4,SKIP,,28.2,
2026-08-25,eodfly_p,7655.0,1.95,192.4,exp,7655.0,-17.4,SKIP,,19.35,
2026-08-25,eodic_c,7730.0,0.25,22.4,exp,7730.0,-8.2,SKIP,,8.45,
2026-08-25,eodic_p,,,,,7575.0,-8.4,SKIP,,,
2026-08-25,openfly_c,7670.0,8.3,58.70000000000006,stop,7670.0,7.85,stop,58.48,0.45,0.2
2026-08-25,openfly_p,7670.0,6.05,-206.29999999999998,stop,7670.0,6.8,stop,-226.52,-0.75,20.2
2026-08-25,openic_c,7750.0,0.0,-2.6,exp,7745.0,-0.05,SKIP,,0.05,
2026-08-25,openic_p,,,,,7595.0,0.1,settle,6.74,,
2026-08-26,eodfly_c,7675.0,6.45,-616.3,stop,7675.0,5.25,stop,-691.52,1.2,75.2
2026-08-26,eodfly_p,7675.0,8.4,-81.29999999999988,stop,7675.0,10.2,stop,293.48,-1.8,-374.8
2026-08-26,eodic_c,,,,,7755.0,0.0,SKIP,,,
2026-08-26,eodic_p,7600.0,0.35,32.4,exp,7600.0,0.3,settle,26.74,0.05,5.7
2026-08-26,openfly_c,7685.0,7.6,238.69999999999993,stop,7685.0,7.15,stop,198.48,0.45,40.2
2026-08-26,openfly_p,7685.0,6.5,-261.29999999999995,stop,7685.0,6.8,stop,-216.52,-0.3,-44.8
2026-08-26,openic_c,,,,,7760.0,0.0,SKIP,,,
2026-08-26,openic_p,,,,,7610.0,0.1,settle,6.74,,
2026-08-27,eodfly_c,7675.0,14.600000000000001,-281.2999999999997,stop,7675.0,16.8,stop,-6.52,-2.2,-274.8
2026-08-27,eodfly_p,7675.0,3.15,312.4,exp,7675.0,3.25,settle,321.74,-0.1,-9.3
2026-08-27,eodic_c,7750.0,0.95,92.4,exp,7750.0,1.05,settle,101.74,-0.1,-9.3
2026-08-27,eodic_p,,,,,7605.0,0.1,settle,6.74,,
2026-08-27,openfly_c,7705.0,9.700000000000001,-191.29999999999987,stop,7705.0,9.0,stop,-276.52,0.7,85.2
2026-08-27,openfly_p,7705.0,7.1,707.4,exp,7705.0,8.2,settle,816.74,-1.1,-109.3
2026-08-27,openic_c,,,,,7775.0,0.05,SKIP,,,
2026-08-27,openic_p,7635.0,0.3,27.4,exp,7630.0,0.35,settle,31.74,-0.05,-4.3
2026-08-28,eodfly_c,7730.0,11.9,-231.2999999999999,stop,7730.0,12.1,stop,-226.52,-0.2,-4.8
2026-08-28,eodfly_p,7730.0,7.6,-481.30000000000007,stop,7730.0,7.5,stop,-396.52,0.1,-84.8
2026-08-28,eodic_c,7800.0,0.55,52.400000000000006,exp,7800.0,0.7,settle,66.74,-0.15,-14.3
2026-08-28,eodic_p,7660.0,0.95,92.4,exp,7660.0,1.0,settle,96.74,-0.05,-4.3
2026-08-28,openfly_c,7735.0,8.600000000000001,-551.2999999999997,stop,7725.0,10.9,stop,-496.52,-2.3,-54.8
2026-08-28,openfly_p,7735.0,10.6,218.69999999999993,stop,7725.0,7.8,stop,-316.52,2.8,535.2
2026-08-28,openic_c,7805.0,0.2,17.4,exp,7800.0,0.15,settle,11.74,0.05,5.7
2026-08-28,openic_p,7665.0,1.0,97.4,exp,7655.0,0.85,settle,81.74,0.15,15.7
2026-08-31,eodfly_c,7710.0,2.7,267.4,exp,7710.0,3.75,settle,371.74,-1.05,-104.3
2026-08-31,eodfly_p,7710.0,13.7,-501.3,stop,7710.0,13.4,stop,-466.52,0.3,-34.8
2026-08-31,eodic_c,,,,,7785.0,0.05,SKIP,,,
2026-08-31,eodic_p,7640.0,0.9999999999999999,97.39999999999999,exp,7640.0,0.95,settle,91.74,0.05,5.7
2026-08-31,openfly_c,7690.0,5.7,567.4,exp,7685.0,8.8,stop,738.48,-3.1,-171.1
2026-08-31,openfly_p,7690.0,10.4,-81.29999999999988,stop,7685.0,7.7,stop,-136.52,2.7,55.2
2026-08-31,openic_c,7765.0,0.1,7.4,exp,7760.0,0.1,settle,6.74,0.0,0.7
2026-08-31,openic_p,7615.0,0.45,42.4,exp,7610.0,0.3,settle,26.74,0.15,15.7
